Morph-Lemma,Morph-Inflection,Lemma-Priority,Inflection-Priority,Occurrence
の,の,0,0,112787
は,は,2,1,83545
て,て,4,2,75393
に,に,5,3,75313
た,た,3,4,71216
が,が,6,5,60671
だ,だ,1,6,53754
を,を,7,7,52326
ん,ん,9,8,50973
か,か,11,9,37485
ない,ない,8,10,37239
と,と,12,11,34271
も,も,13,12,32371
よ,よ,14,13,31773
で,で,15,14,31196
する,し,10,15,30076
です,です,16,16,22406
だ,な,1,17,21574
な,な,19,18,20720
ね,ね,20,19,20599
から,から,21,20,19472
う,う,23,21,17932
こと,こと,24,22,16893
私,私,25,23,15193
あっ,あっ,26,24,14420
って,って,29,25,13221
く,っ,30,26,11913
そう,そう,31,27,11779
ます,ます,17,28,11555
いる,い,18,29,11545
お,お,32,30,11526
いい,いい,34,31,11226
じゃ,じゃ,33,32,11220
てる,てる,22,33,10994
さん,さん,35,34,10743
人,人,36,35,10599
俺,俺,37,36,10410
何,何,38,37,10152
この,この,40,38,9974
あ,あ,41,39,9390
する,する,10,40,8860
いる,いる,18,41,8765
えっ,えっ,42,42,8558
けど,けど,44,43,8058
れる,れ,39,44,7874
それ,それ,45,45,7874
これ,これ,46,46,7784
だ,で,1,47,7391
ば,ば,47,48,7371
ある,ある,27,49,7357
てる,て,22,50,7348
わ,わ,49,51,7066
でも,でも,50,52,7058
なる,なっ,28,53,6777
たち,たち,53,54,6645
その,その,54,55,6590
お前,お前,55,56,6505
あの,あの,56,57,6504
た,たら,3,58,6276
どう,どう,57,59,6247
だ,だろ,1,60,6186
ます,まし,17,61,5579
え,え,60,62,5360
だ,だっ,1,63,5321
だけ,だけ,62,64,5142
よう,よう,63,65,5072
様,様,64,66,5025
今,今,65,67,4948
さ,さ,66,68,4926
ぞ,ぞ,67,69,4905
だ,なら,1,70,4845
ちゃん,ちゃん,69,71,4824
まで,まで,70,72,4819
はい,はい,71,73,4792
ここ,ここ,72,74,4735
うん,うん,73,75,4726
なん,なん,74,76,4668
し,し,75,77,4619
もう,もう,76,78,4543
くれる,くれ,59,79,4460
たい,たい,52,80,4352
僕,僕,79,81,4248
ない,なく,8,82,4248
です,でしょ,16,83,4237
ああ,ああ,80,84,4206
見る,見,68,85,4181
言う,言っ,43,86,4152
ます,ませ,17,87,4099
そんな,そんな,83,88,4019
もの,もの,84,89,4001
する,さ,10,90,3935
や,や,85,91,3834
君,君,88,92,3729
いや,いや,89,93,3714
なんて,なんて,90,94,3698
なる,なる,28,95,3675
くる,き,51,96,3606
あなた,あなた,91,97,3586
やる,やっ,48,98,3512
ない,なかっ,8,99,3442
くん,くん,94,100,3176
ちょっと,ちょっと,95,101,3173
はっ,はっ,96,102,3161
せる,せ,82,103,3143
だって,だって,98,104,3118
思う,思っ,58,105,3090
者,者,100,106,3026
できる,でき,61,107,3016
来る,来,81,108,3002
大丈夫,大丈夫,101,109,2996
はぁ,はぁ,102,110,2982
みんな,みんな,103,111,2946
気,気,104,112,2935
あれ,あれ,105,113,2921
一,一,106,114,2917
うる,うっ,97,115,2845
ない,ねえ,8,116,2827
あぁ,あぁ,111,117,2762
誰,誰,112,118,2730
ため,ため,113,119,2707
じゃあ,じゃあ,114,120,2676
ある,あっ,27,121,2661
へ,へ,115,122,2657
られる,られ,87,123,2648
子,子,116,124,2646
今日,今日,117,125,2627
のに,のに,118,126,2615
くださる,ください,109,127,2613
自分,自分,119,128,2600
こんな,こんな,121,129,2564
ら,ら,122,130,2559
ありがとう,ありがとう,123,131,2558
ある,あり,27,132,2551
前,前,124,133,2512
みたい,みたい,126,134,2393
とき,とき,127,135,2389
また,また,130,136,2286
とか,とか,131,137,2285
まだ,まだ,132,138,2223
という,という,133,139,2220
だから,だから,134,140,2219
より,より,135,141,2197
話,話,137,142,2191
なんで,なんで,138,143,2183
かも,かも,139,144,2181
中,中,140,145,2171
どこ,どこ,142,146,2122
一緒,一緒,143,147,2119
ご,ご,144,148,2104
わけ,わけ,145,149,2102
れる,れる,39,150,2090
好き,好き,147,151,2034
ねぇ,ねぇ,148,152,2031
なんか,なんか,150,153,2016
力,力,151,154,1992
なぁ,なぁ,152,155,1985
できる,できる,61,156,1983
ほう,ほう,154,157,1951
思う,思う,58,158,1938
やる,やる,48,159,1878
として,として,156,160,1875
人間,人間,157,161,1864
わかる,わかっ,77,162,1860
手,手,159,163,1816
出る,出,128,164,1807
ぜ,ぜ,160,165,1793
あと,あと,161,166,1779
よい,よかっ,92,167,1779
ちゃう,ちゃっ,107,168,1752
ござる,ござい,120,169,1745
聞く,聞い,108,170,1733
おっ,おっ,164,171,1722
ふる,ふ,125,172,1718
年,年,166,173,1704
もん,もん,167,174,1690
まあ,まあ,168,175,1690
目,目,172,176,1635
言う,言う,43,177,1629
違う,違う,149,178,1620
日,日,174,179,1593
ところ,ところ,175,180,1582
ぬ,ず,93,181,1581
よく,よく,176,182,1575
うち,うち,177,183,1555
ハッ,ハッ,178,184,1547
ごめん,ごめん,180,185,1524
フッ,フッ,182,186,1505
方,方,183,187,1493
家,家,184,188,1489
行く,行く,78,189,1483
世界,世界,185,190,1479
ので,ので,186,191,1474
ただ,ただ,187,192,1457
おい,おい,188,193,1454
時間,時間,189,194,1454
言う,言わ,43,195,1453
ちゃ,ちゃ,191,196,1433
っす,っす,179,197,1430
ます,ましょ,17,198,1423
ねえ,ねえ,194,199,1416
くらい,くらい,193,200,1416
いう,いう,86,201,1416
お願い,お願い,197,202,1408
待つ,待っ,129,203,1407
くる,くる,51,204,1394
たい,たく,52,205,1381
そこ,そこ,200,206,1376
もっと,もっと,201,207,1375
くれる,くれる,59,208,1367
はず,はず,202,209,1367
なる,なり,28,210,1360
知る,知っ,99,211,1360
です,でし,16,212,1357
こっち,こっち,203,213,1356
そういう,そういう,204,214,1351
みる,み,141,215,1349
やつ,やつ,205,216,1349
本当に,本当に,206,217,1345
ダメ,ダメ,207,218,1334
しか,しか,208,219,1329
先輩,先輩,209,220,1329
的,的,210,221,1326
魔法,魔法,211,222,1326
同じ,同じ,212,223,1321
まぁ,まぁ,213,224,1315
仕事,仕事,214,225,1314
先生,先生,216,226,1313
ぬ,ぬ,93,227,1312
心,心,218,228,1305
早い,早く,165,229,1304
すごい,すごい,146,230,1300
たり,たり,196,231,1263
知る,知ら,99,232,1255
食べる,食べ,169,233,1251
やっぱり,やっぱり,221,234,1248
うい,うぅ,153,235,1241
悪い,悪い,155,236,1240
顔,顔,222,237,1228
する,しよ,10,238,1198
先,先,224,239,1195
ずっと,ずっと,225,240,1194
持つ,持っ,162,241,1177
考える,考え,181,242,1176
くる,くっ,51,243,1168
男,男,229,244,1168
わぁ,わぁ,230,245,1167
しれる,しれ,228,246,1166
時,時,231,247,1160
絶対,絶対,233,248,1156
ちゃんと,ちゃんと,234,249,1156
ま,ま,235,250,1155
なさる,なさい,220,251,1147
まま,まま,237,252,1130
相手,相手,239,253,1123
うわ,うわ,240,254,1116
少し,少し,241,255,1116
じゃん,じゃん,242,256,1114
ほど,ほど,243,257,1111
ほら,ほら,244,258,1109
そ,そ,245,259,1109
いつも,いつも,247,260,1108
つ,つ,246,261,1106
すぐ,すぐ,249,262,1093
体,体,250,263,1088
必要,必要,251,264,1087
られる,られる,87,265,1086
そして,そして,252,266,1081
どうして,どうして,254,267,1067
かわいい,かわいい,215,268,1057
まさか,まさか,256,269,1055
魔,魔,258,270,1045
行く,行っ,78,271,1030
次,次,260,272,1029
二,二,263,273,1022
なぜ,なぜ,266,274,1015
しまう,しまっ,158,275,1014
剣,剣,267,276,1014
だが,だが,269,277,1003
こそ,こそ,270,278,999
さっき,さっき,271,279,994
もらう,もらっ,136,280,994
おお,おお,272,281,994
ホント,ホント,273,282,993
姉,姉,276,283,976
いう,いっ,86,284,973
女,女,277,285,972
バカ,バカ,278,286,969
では,では,280,287,967
教える,教え,248,288,964
つもり,つもり,282,289,956
入る,入っ,171,290,955
きっと,きっと,283,291,953
する,す,10,292,946
ない,なきゃ,8,293,938
うつ,うっ,274,294,933
大,大,287,295,931
なる,なら,28,296,929
いう,いえ,86,297,929
彼女,彼女,288,298,927
無理,無理,289,299,925
友達,友達,290,300,925
わかる,わから,77,301,923
いく,いく,110,302,918
度,度,291,303,916
わっ,わっ,294,304,913
ちゃう,ちゃう,107,305,911
さすが,さすが,295,306,906
そっ,そっ,296,307,905
やめる,やめ,199,308,902
夜,夜,298,309,900
はあ,はあ,299,310,897
こちら,こちら,300,311,894
神,神,301,312,893
それで,それで,303,313,880
村,村,304,314,878
ええ,ええ,306,315,874
ちょ,ちょ,307,316,869
ちる,ち,257,317,867
など,など,309,318,862
ふん,ふん,310,319,856
以上,以上,311,320,854
すみません,すみません,312,321,851
名前,名前,314,322,845
こう,こう,297,323,841
作る,作っ,173,324,840
すぎる,すぎ,219,325,837
っていう,っていう,316,326,832
どんな,どんな,317,327,826
感じ,感じ,319,328,820
上,上,320,329,817
どういう,どういう,321,330,816
見える,見え,238,331,816
しかし,しかし,322,332,815
助ける,助け,264,333,810
確か,確か,323,334,807
子ども,子ども,324,335,807
よろしく,よろしく,325,336,805
これから,これから,326,337,804
あいつ,あいつ,327,338,804
部屋,部屋,328,339,803
なに,なに,329,340,803
心配,心配,330,341,795
いえ,いえ,331,342,794
来る,来る,81,343,793
なるほど,なるほど,333,344,787
意味,意味,334,345,786
初めて,初めて,335,346,782
する,すれ,10,347,781
問題,問題,336,348,780
あんた,あんた,337,349,774
全部,全部,338,350,774
場所,場所,339,351,773
ほしい,ほしい,286,352,769
それに,それに,340,353,767
他,他,342,354,760
いける,いけ,281,355,760
別に,別に,347,356,753
つける,つけ,265,357,753
あんな,あんな,348,358,751
死ぬ,死ん,163,359,750
っと,っと,349,360,744
夢,夢,350,361,741
命,命,351,362,739
かい,かい,352,363,734
わかる,わかる,77,364,733
術,術,355,365,724
全然,全然,356,366,723
生きる,生き,284,367,721
うわる,うわっ,357,368,720
彼,彼,359,369,720
街,街,360,370,720
すべて,すべて,361,371,719
頭,頭,362,372,714
ござる,ござる,120,373,714
やる,やり,48,374,711
こいつ,こいつ,363,375,709
思う,思い,58,376,707
普通,普通,364,377,707
嫌,嫌,365,378,706
気持ち,気持ち,366,379,704
忘れる,忘れ,332,380,704
関係,関係,368,381,701
せる,せる,82,382,696
帰る,帰っ,170,383,696
らしい,らしい,293,384,696
ふる,ふっ,125,385,696
する,しろ,10,386,694
外,外,371,387,693
今度,今度,372,388,691
国,国,373,389,691
かける,かけ,318,390,688
かしら,かしら,374,391,681
昔,昔,375,392,679
する,せ,10,393,678
いつ,いつ,376,394,677
音,音,377,395,677
いろいろ,いろいろ,379,396,675
ど,ど,380,397,674
最後,最後,381,398,673
娘,娘,382,399,671
わかる,わかり,77,400,668
姉ちゃん,姉ちゃん,384,401,668
べし,べき,346,402,667
とも,とも,385,403,667
行く,行き,78,404,665
ひる,ひ,262,405,665
店,店,386,406,663
本,本,388,407,661
うい,うう,153,408,660
入れる,入れ,313,409,652
姫,姫,390,410,652
ない,なけれ,8,411,651
分,分,391,412,650
せい,せい,392,413,650
頑張る,頑張っ,217,414,649
ある,あれ,27,415,646
もちろん,もちろん,394,416,645
学校,学校,395,417,641
さぁ,さぁ,396,418,641
がる,がっ,285,419,639
兄,兄,397,420,639
冬,冬,398,421,638
とこ,とこ,399,422,635
殿,殿,400,423,635
一つ,一つ,401,424,635
師,師,402,425,634
さま,さま,403,426,631
大事,大事,404,427,628
大変,大変,405,428,627
王,王,406,429,624
魔王,魔王,407,430,624
おはよう,おはよう,408,431,619
マジ,マジ,409,432,615
本当,本当,410,433,613
強い,強い,198,434,609
あげる,あげ,226,435,609
太,太,412,436,608
声,声,413,437,605
名,名,414,438,604
アイツ,アイツ,416,439,604
火,火,417,440,603
使う,使っ,195,441,601
言葉,言葉,418,442,601
言う,言い,43,443,594
仲間,仲間,423,444,590
明日,明日,426,445,586
見せる,見せ,353,446,584
変,変,427,447,584
性,性,429,448,581
っけ,っけ,430,449,580
どうぞ,どうぞ,431,450,576
行く,行こ,78,451,573
家族,家族,432,452,572
戻る,戻っ,236,453,571
月,月,434,454,571
ない,ねぇ,8,455,571
逃げる,逃げ,268,456,570
いく,いっ,110,457,570
つく,つい,259,458,570
おいしい,おいしい,315,459,569
里,里,435,460,569
もらう,もらう,136,461,568
そんなに,そんなに,436,462,568
祭,祭,437,463,568
め,め,438,464,567
まったく,まったく,439,465,567
所,所,440,466,565
愛,愛,442,467,565
いく,いか,110,468,564
出す,出し,255,469,563
んで,んで,444,470,558
話す,話し,308,471,557
昨日,昨日,446,472,556
ごめんなさい,ごめんなさい,448,473,555
おかげ,おかげ,451,474,552
もしかして,もしかして,452,475,552
料理,料理,455,476,551
数,数,456,477,550
いったい,いったい,457,478,550
情報,情報,458,479,548
たい,たかっ,52,480,548
我が,我が,459,481,548
敵,敵,460,482,547
失礼,失礼,461,483,547
さあ,さあ,462,484,545
水,水,463,485,544
存在,存在,464,486,542
最近,最近,466,487,539
連れる,連れ,467,488,539
魔術,魔術,468,489,539
寝る,寝,343,490,538
とおり,とおり,469,491,537
覚える,覚え,420,492,537
死ぬ,死ぬ,163,493,533
我々,我々,471,494,532
姿,姿,472,495,532
でる,でる,389,496,531
今回,今回,473,497,525
もし,もし,474,498,525
よい,よし,92,499,525
なあ,なあ,476,500,522
終わる,終わっ,223,501,522
殺す,殺し,192,502,522
邪魔,邪魔,478,503,519
間,間,479,504,519
任せる,任せ,370,505,518
ウソ,ウソ,482,506,518
三,三,483,507,518
最初,最初,485,508,516
皆さん,皆さん,486,509,516
見つける,見つけ,424,510,516
理由,理由,487,511,514
やる,やら,48,512,512
ばかり,ばかり,488,513,510
あら,あら,489,514,510
おう,おう,477,515,509
冒険,冒険,491,516,509
勝手,勝手,492,517,508
すごい,すごく,146,518,508
部,部,493,519,506
分かる,分かっ,227,520,506
回,回,494,521,505
会,会,496,522,502
花,花,497,523,501
山田,山田,498,524,501
信じる,信じ,411,525,500
元,元,499,526,500
勇者,勇者,500,527,498
あたし,あたし,502,528,495
やっぱ,やっぱ,504,529,492
金,金,505,530,492
森,森,506,531,492
たくさん,たくさん,508,532,490
約束,約束,510,533,490
元気,元気,511,534,489
族,族,512,535,488
貴様,貴様,513,536,486
よし,よし,514,537,485
買う,買っ,344,538,485
つまり,つまり,516,539,485
星,星,517,540,485
なんと,なんと,518,541,484
結構,結構,520,542,483
フン,フン,521,543,482
強い,強く,198,544,482
お母さん,お母さん,523,545,482
実は,実は,524,546,479
可能,可能,525,547,478
怖い,怖い,341,548,478
第,第,526,549,477
出る,出る,128,550,476
ない,なし,8,551,474
ながら,ながら,527,552,474
こ,こ,528,553,471
そろそろ,そろそろ,529,554,469
しまう,しまう,158,555,467
あげる,あげる,226,556,466
にとって,にとって,531,557,465
騎士,騎士,532,558,465
てる,てん,22,559,464
後,後,534,560,463
そりゃ,そりゃ,535,561,462
準備,準備,537,562,460
うまい,うまく,279,563,459
こういう,こういう,538,564,458
急,急,539,565,458
まっ,まっ,540,566,458
守る,守る,253,567,458
物,物,541,568,457
どれ,どれ,543,569,457
おる,おり,232,570,455
見る,見る,68,571,454
くい,く,378,572,453
頼む,頼む,305,573,453
すぎる,すぎる,219,574,453
全員,全員,545,575,453
砂糖,砂糖,546,576,453
必ず,必ず,547,577,452
島,島,548,578,450
せっかく,せっかく,549,579,450
危険,危険,550,580,450
聖女,聖女,552,581,449
殺す,殺す,192,582,448
血,血,553,583,448
以外,以外,554,584,446
犬,犬,555,585,446
練習,練習,556,586,446
ポチ,ポチ,557,587,446
無事,無事,558,588,445
おぉ,おぉ,559,589,445
ほる,ほ,383,590,444
魔力,魔力,560,591,444
用,用,561,592,443
く,く,30,593,443
よい,よい,92,594,443
猫,猫,562,595,443
いっぱい,いっぱい,563,596,442
鬼,鬼,565,597,440
足,足,566,598,439
六道,六道,567,599,439
起きる,起き,465,600,438
口,口,568,601,437
行く,行か,78,602,436
幸せ,幸せ,569,603,436
獣,獣,570,604,434
ども,ども,571,605,434
まずは,まずは,573,606,431
海,海,575,607,429
枚,枚,576,608,429
一番,一番,577,609,428
パパ,パパ,578,610,428
うれしい,うれしい,393,611,426
やはり,やはり,580,612,426
待つ,待て,129,613,424
兄ちゃん,兄ちゃん,583,614,424
くる,こ,51,615,423
決める,決め,450,616,423
別,別,585,617,423
いやいや,いやいや,586,618,420
負ける,負け,453,619,419
しかた,しかた,589,620,418
下,下,590,621,416
事,事,592,622,415
芽,芽,594,623,414
きれい,きれい,595,624,413
女の子,女の子,596,625,412
いただく,いただき,367,626,409
受ける,受け,447,627,409
おく,おい,190,628,409
呼ぶ,呼ん,261,629,408
とても,とても,597,630,407
風,風,601,631,404
しっかり,しっかり,603,632,402
とにかく,とにかく,604,633,402
行う,行っ,445,634,402
陽,陽,606,635,402
旦那,旦那,607,636,401
変わる,変わっ,292,637,400
楽しみ,楽しみ,609,638,399
そっち,そっち,610,639,399
久しぶり,久しぶり,611,640,399
どうか,どうか,613,641,398
師匠,師匠,614,642,398
道,道,615,643,397
ない,な,8,644,397
屋,屋,616,645,397
新しい,新しい,551,646,396
肉,肉,617,647,396
思う,思わ,58,648,395
うまい,うまい,279,649,395
楽しい,楽しい,275,650,395
身,身,620,651,393
事件,事件,621,652,393
帰る,帰る,170,653,393
について,について,622,654,392
決まる,決まっ,484,655,392
曲,曲,623,656,392
たん,たん,625,657,391
こんなに,こんなに,626,658,390
妹,妹,627,659,389
作る,作る,173,660,387
服,服,628,661,386
パイ,パイ,629,662,386
最高,最高,630,663,383
そもそも,そもそも,631,664,383
ミリ,ミリ,632,665,383
攻撃,攻撃,633,666,383
くう,くっ,598,667,382
いう,いい,86,668,382
ゲーム,ゲーム,634,669,381
勉強,勉強,635,670,381
簡単,簡単,636,671,381
悪い,悪く,155,672,380
状況,状況,637,673,379
場,場,638,674,379
間違い,間違い,640,675,377
よる,よっ,454,676,377
朝,朝,642,677,376
聞く,聞き,108,678,375
おく,おく,190,679,374
使う,使う,195,680,371
終わる,終わり,223,681,369
やめる,やめろ,199,682,369
とりあえず,とりあえず,648,683,368
式,式,652,684,366
すず,すず,653,685,366
どおり,どおり,654,686,365
貴族,貴族,655,687,365
陛下,陛下,656,688,365
大切,大切,657,689,364
魔物,魔物,658,690,364
連絡,連絡,659,691,363
城,城,661,692,363
へっ,へっ,662,693,362
記憶,記憶,663,694,362
番,番,664,695,362
だけど,だけど,665,696,362
結婚,結婚,668,697,360
なら,なら,669,698,359
白石,白石,670,699,359
化,化,671,700,358
歳,歳,674,701,357
よい,よく,92,702,356
始める,始め,449,703,354
能力,能力,675,704,354
目的,目的,676,705,353
続ける,続け,428,706,353
すげる,すげ,677,707,353
安心,安心,678,708,353
へぇ,へぇ,681,709,352
いたす,いたし,660,710,352
なかなか,なかなか,682,711,351
残念,残念,683,712,351
ぬ,ね,93,713,351
万,万,684,714,350
ひる,ひっ,262,715,350
会う,会っ,302,716,349
セン,セン,686,717,349
犯人,犯人,687,718,348
にゃ,にゃ,688,719,348
いきなり,いきなり,689,720,347
風呂,風呂,690,721,346
聞く,聞か,108,722,345
ちまう,ちまっ,419,723,343
戦い,戦い,691,724,343
える,え,579,725,343
頃,頃,692,726,343
殺す,殺さ,192,727,343
船,船,693,728,342
確認,確認,694,729,342
それでも,それでも,695,730,342
なんだか,なんだか,696,731,341
鳥,鳥,699,732,341
なんとか,なんとか,700,733,340
言える,言え,515,734,340
高い,高い,509,735,340
時代,時代,703,736,338
まず,まず,706,737,338
いつか,いつか,707,738,338
女子,女子,710,739,337
ありがと,ありがと,712,740,336
石,石,713,741,335
みる,みる,141,742,335
どっち,どっち,714,743,334
毎日,毎日,715,744,334
学園,学園,717,745,334
未来,未来,720,746,333
食べる,食べる,169,747,333
生徒,生徒,721,748,333
お父さん,お父さん,722,749,333
多い,多い,481,750,332
ころ,ころ,723,751,331
感じる,感じ,507,752,331
消える,消え,587,753,331
本気,本気,725,754,330
申し訳,申し訳,727,755,329
超,超,729,756,329
どの,どの,730,757,329
用意,用意,732,758,327
ふう,ふっ,422,759,326
もう少し,もう少し,734,760,325
け,け,735,761,325
ろ,ろ,736,762,325
入る,入る,171,763,324
やる,やろ,48,764,324
場合,場合,737,765,323
生まれる,生まれ,600,766,323
思い,思い,740,767,322
危ない,危ない,618,768,322
役,役,741,769,322
結局,結局,742,770,321
する,すん,10,771,321
もらえる,もらえ,415,772,321
たぶん,たぶん,745,773,320
都,都,746,774,320
いく,いき,110,775,319
生活,生活,747,776,319
大人,大人,748,777,319
似る,似,739,778,318
探す,探し,533,779,318
いる,いら,18,780,317
レイ,レイ,750,781,316
写真,写真,751,782,315
止める,止め,544,783,315
ほか,ほか,755,784,314
ねる,ねっ,701,785,313
取る,取っ,345,786,312
痛い,痛い,441,787,311
ずいぶん,ずいぶん,759,788,310
ううん,ううん,760,789,310
さて,さて,761,790,310
精霊,精霊,762,791,310
見える,見える,238,792,309
とる,とっ,354,793,309
主,主,763,794,309
まずい,まずい,705,795,308
どうせ,どうせ,765,796,308
ひどい,ひどい,667,797,308
呼ぶ,呼ば,261,798,308
疲れる,疲れ,733,799,307
生,生,769,800,307
うむ,うむ,731,801,307
室,室,771,802,306
期待,期待,772,803,306
光,光,773,804,306
士,士,774,805,306
さえ,さえ,775,806,305
どうも,どうも,777,807,304
あまり,あまり,778,808,304
小,小,779,809,304
死,死,782,810,303
わあ,わあ,784,811,302
大好き,大好き,785,812,302
セ,セ,786,813,302
いくら,いくら,787,814,301
置く,置い,588,815,301
しかも,しかも,788,816,300
腕,腕,789,817,300
クソ,クソ,790,818,300
朝陽,朝陽,791,819,300
守る,守っ,253,820,299
しばらく,しばらく,792,821,299
伝える,伝え,599,822,298
首,首,793,823,298
倒す,倒し,480,824,298
嫌い,嫌い,794,825,298
しまう,しまい,158,826,297
なる,なれ,28,827,295
代わり,代わり,797,828,294
いちばん,いちばん,798,829,294
いらっしゃる,いらっしゃい,651,830,294
もらう,もらい,136,831,294
嬢,嬢,799,832,294
協力,協力,800,833,293
方法,方法,801,834,293
傷,傷,802,835,293
おかしい,おかしい,602,836,292
あんまり,あんまり,803,837,292
興味,興味,804,838,292
自由,自由,805,839,291
許す,許さ,490,840,291
戦,戦,806,841,291
我,我,807,842,291
十,十,808,843,290
当然,当然,809,844,290
感謝,感謝,810,845,290
さっさと,さっさと,812,846,290
弟,弟,813,847,289
周,周,814,848,289
勝負,勝負,815,849,289
ぼる,ぼ,680,850,288
皆,皆,816,851,288
ケガ,ケガ,817,852,288
姉さん,姉さん,818,853,288
結果,結果,819,854,287
近く,近く,822,855,286
無駄,無駄,824,856,286
すむ,すま,475,857,285
り,り,574,858,285
色,色,826,859,285
まるで,まるで,827,860,284
正直,正直,828,861,284
出す,出す,255,862,284
説明,説明,829,863,283
わける,わけ,821,864,283
人生,人生,830,865,283
刀,刀,831,866,283
ちょうど,ちょうど,832,867,282
野郎,野郎,835,868,281
会う,会い,302,869,281
早い,早い,165,870,280
耳,耳,837,871,280
ガキ,ガキ,838,872,280
行動,行動,839,873,279
お金,お金,841,874,278
試合,試合,842,875,278
残る,残っ,593,876,277
君たち,君たち,844,877,277
件,件,845,878,277
日本,日本,848,879,277
べ,べ,849,880,276
妖精,妖精,850,881,276
一応,一応,851,882,275
依頼,依頼,852,883,275
父,父,854,884,275
聞く,聞く,108,885,275
作品,作品,855,886,275
迷惑,迷惑,856,887,274
すか,すか,857,888,274
会社,会社,858,889,273
地,地,859,890,273
連中,連中,860,891,273
あそこ,あそこ,861,892,273
形,形,862,893,273
アハハ,アハハ,863,894,273
ママ,ママ,864,895,273
感,感,866,896,272
難しい,難しい,708,897,271
任務,任務,867,898,271
覚悟,覚悟,868,899,271
程度,程度,869,900,271
平気,平気,870,901,271
欲しい,欲しい,582,902,271
優しい,優しい,503,903,271
理解,理解,872,904,270
十分,十分,873,905,270
特に,特に,875,906,269
酒,酒,878,907,268
聞こえる,聞こえ,704,908,267
おく,おき,190,909,267
逆,逆,879,910,267
作戦,作戦,880,911,267
だめ,だめ,881,912,266
契約,契約,882,913,266
失敗,失敗,885,914,266
高校,高校,886,915,265
車,車,888,916,265
霊,霊,889,917,265
待つ,待た,129,918,264
戦う,戦う,369,919,264
親,親,891,920,264
研究,研究,892,921,263
黙る,黙っ,641,922,263
山,山,893,923,263
銀,銀,896,924,263
本物,本物,897,925,263
によって,によって,898,926,262
だい,だい,900,927,261
もう一度,もう一度,901,928,261
毒,毒,902,929,261
兄さん,兄さん,903,930,261
ゆっくり,ゆっくり,904,931,260
天,天,906,932,260
イカ,イカ,907,933,260
雨,雨,908,934,259
離れる,離れ,711,935,259
分かる,分から,227,936,259
くる,こい,51,937,258
薬,薬,909,938,258
持つ,持つ,162,939,258
書く,書い,612,940,257
調子,調子,912,941,257
相談,相談,913,942,257
くせ,くせ,914,943,257
逃げる,逃げる,268,944,257
もらえる,もらえる,415,945,256
すでに,すでに,918,946,256
参加,参加,919,947,256
大きな,大きな,922,948,254
彼ら,彼ら,923,949,254
やっと,やっと,924,950,254
なれる,なれ,495,951,254
認める,認め,756,952,254
強い,強,198,953,254
おる,おっ,232,954,253
いま,いま,926,955,253
させる,させ,698,956,253
息子,息子,928,957,253
飲む,飲ん,387,958,251
完全,完全,931,959,250
それでは,それでは,932,960,250
乗る,乗っ,536,961,249
たつ,たっ,752,962,249
楽しい,楽し,275,963,249
夏,夏,933,964,249
かかる,かかっ,470,965,248
女性,女性,934,966,248
結界,結界,938,967,248
向こう,向こう,939,968,247
そば,そば,940,969,247
ヒーロー,ヒーロー,942,970,246
まだまだ,まだまだ,943,971,246
近い,近い,757,972,246
クリス,クリス,945,973,246
諦める,諦め,650,974,245
髪,髪,947,975,245
特別,特別,948,976,244
遊び,遊び,949,977,244
母,母,950,978,244
絵,絵,951,979,244
着る,着,783,980,244
ケンカ,ケンカ,952,981,244
困る,困っ,443,982,243
そいつ,そいつ,953,983,243
僕ら,僕ら,954,984,243
まい,まい,955,985,243
ふむ,ふむ,744,986,243
おもしろい,おもしろい,581,987,243
知る,知り,99,988,243
プライド,プライド,956,989,243
戻る,戻る,236,990,242
貸す,貸し,781,991,242
なれる,なれる,495,992,242
けれど,けれど,958,993,242
落ちる,落ち,726,994,242
大会,大会,959,995,242
氷室,氷室,960,996,242
足りる,足り,899,997,241
戦う,戦っ,369,998,241
つく,つく,259,999,241
ドラゴン,ドラゴン,961,1000,241
かなり,かなり,962,1001,240
恋,恋,964,1002,240
町,町,966,1003,240
コン,コン,967,1004,240
授業,授業,968,1005,239
味,味,969,1006,239
スる,ス,890,1007,239
機,機,970,1008,238
責任,責任,971,1009,238
ぐらい,ぐらい,972,1010,238
ぶる,ぶ,834,1011,238
緊張,緊張,975,1012,238
何者,何者,976,1013,238
す,す,608,1014,237
紹介,紹介,980,1015,237
隊長,隊長,981,1016,237
こら,こら,982,1017,236
空,空,983,1018,236
うるさい,うるさい,846,1019,236
点,点,984,1020,236
最強,最強,985,1021,236
レベル,レベル,986,1022,235
冗談,冗談,987,1023,235
狩り,狩り,988,1024,235
面倒,面倒,990,1025,235
ギルド,ギルド,991,1026,235
どちら,どちら,992,1027,235
リア,リア,993,1028,235
考える,考える,181,1029,233
仲よく,仲よく,996,1030,233
魂,魂,997,1031,233
ところで,ところで,998,1032,233
軍,軍,999,1033,232
応援,応援,1000,1034,232
調べる,調べ,776,1035,232
ふう,ふう,422,1036,232
遊ぶ,遊ん,572,1037,232
げ,げ,1001,1038,232
それから,それから,1002,1039,231
使える,使え,542,1040,231
た,たろ,3,1041,231
がる,がる,285,1042,231
動き,動き,1003,1043,231
咲,咲,1004,1044,231
み,み,1005,1045,231
周り,周り,1006,1046,230
それだけ,それだけ,1007,1047,230
映画,映画,1008,1048,230
あっち,あっち,1009,1049,230
少女,少女,1012,1050,230
領主,領主,1013,1051,230
うわさ,うわさ,1014,1052,229
わし,わし,1016,1053,229
来る,来い,81,1054,229
助け,助け,1018,1055,229
笑う,笑っ,644,1056,229
胸,胸,1019,1057,229
もつ,もっ,754,1058,228
アイドル,アイドル,1020,1059,228
頼む,頼ん,305,1060,227
かぁ,かぁ,1023,1061,227
拙者,拙者,1024,1062,227
てめえ,てめえ,1025,1063,226
カード,カード,1026,1064,226
変わる,変わら,292,1065,226
すてき,すてき,1028,1066,226
仲,仲,1029,1067,226
うる,うる,97,1068,225
今年,今年,1030,1069,225
婚約,婚約,1031,1070,225
変える,変え,679,1071,224
いく,いけ,110,1072,224
それとも,それとも,1032,1073,224
炎,炎,1033,1074,224
何だ,何だ,1034,1075,224
余計,余計,1035,1076,223
楽,楽,1036,1077,223
品,品,1037,1078,223
じ,じ,1039,1079,223
小さい,小さい,749,1080,222
挨拶,挨拶,1041,1081,222
おる,おる,232,1082,222
それなら,それなら,1042,1083,221
すら,すら,1043,1084,221
意識,意識,1044,1085,221
真,真,1045,1086,221
クラス,クラス,1048,1087,221
報告,報告,1049,1088,220
そのまま,そのまま,1050,1089,220
司,司,1051,1090,220
父様,父様,1052,1091,220
巫女,巫女,1053,1092,220
お礼,お礼,1054,1093,219
組,組,1055,1094,219
赤,赤,1056,1095,219
トモ,トモ,1058,1096,218
予定,予定,1059,1097,217
めっちゃ,めっちゃ,1060,1098,217
捨てる,捨て,766,1099,217
いる,いれ,18,1100,217
秘密,秘密,1061,1101,217
落ち着く,落ち着い,605,1102,217
だし,だし,1062,1103,217
呪い,呪い,1063,1104,217
与える,与え,738,1105,216
帰る,帰り,170,1106,216
利用,利用,1066,1107,216
隊,隊,1068,1108,216
過ぎる,過ぎ,916,1109,215
そうですね,そうですね,1069,1110,215
異,異,1070,1111,214
団,団,1071,1112,214
裏,裏,1072,1113,214
隠す,隠し,702,1114,214
とる,とる,354,1115,214
とく,とい,358,1116,214
了解,了解,1073,1117,213
戦争,戦争,1074,1118,213
ハア,ハア,1075,1119,213
使える,使える,542,1120,213
我ら,我ら,1076,1121,213
篠崎,篠崎,1077,1122,213
ゆる,ゆん,921,1123,213
っぽい,っぽい,758,1124,212
席,席,1078,1125,212
集める,集め,884,1126,212
すぎ,すぎ,1079,1127,212
捜す,捜し,780,1128,212
状態,状態,1080,1129,211
使う,使わ,195,1130,211
ほとんど,ほとんど,1082,1131,211
楽しい,楽しかっ,275,1132,211
デート,デート,1083,1133,211
かっこいい,かっこいい,1085,1134,210
様子,様子,1086,1135,210
重,重,1087,1136,210
高,高,1088,1137,210
母さん,母さん,1089,1138,210
お疲れさま,お疲れさま,1090,1139,209
増える,増え,887,1140,209
気付く,気付い,619,1141,209
恥ずかしい,恥ずかしい,697,1142,209
喜ぶ,喜ん,724,1143,209
おなか,おなか,1091,1144,209
菓子,菓子,1092,1145,209
それにしても,それにしても,1093,1146,208
大きい,大きく,519,1147,208
わざわざ,わざわざ,1094,1148,208
技,技,1096,1149,208
電話,電話,1097,1150,207
いろんな,いろんな,1099,1151,207
自身,自身,1101,1152,207
腹,腹,1102,1153,207
やる,やれ,48,1154,207
たい,てぇ,52,1155,206
おそらく,おそらく,1108,1156,206
斬る,斬り,433,1157,206
チーム,チーム,1109,1158,205
珍しい,珍しい,905,1159,205
演技,演技,1110,1160,205
兵馬,兵馬,1111,1161,205
知り合い,知り合い,1112,1162,204
怒る,怒ら,501,1163,204
勝つ,勝っ,530,1164,204
王国,王国,1114,1165,204
全て,全て,1115,1166,204
読む,読ん,643,1167,203
新,新,1116,1168,203
千,千,1117,1169,203
苦手,苦手,1118,1170,203
ごはん,ごはん,1119,1171,203
訓練,訓練,1120,1172,202
弱い,弱い,768,1173,202
自信,自信,1122,1174,202
違う,違っ,149,1175,202
スキル,スキル,1123,1176,202
おいおい,おいおい,1124,1177,201
距離,距離,1125,1178,201
真面目,真面目,1126,1179,201
こうして,こうして,1127,1180,201
国王,国王,1128,1181,201
ひとつ,ひとつ,1129,1182,201
笑顔,笑顔,1130,1183,201
こんにちは,こんにちは,1131,1184,201
お世話,お世話,1132,1185,200
おく,おけ,190,1186,200
食事,食事,1134,1187,200
成功,成功,1135,1188,200
ド,ド,1136,1189,200
バレる,バレ,965,1190,200
事情,事情,1137,1191,200
お客,お客,1138,1192,199
いける,いける,281,1193,199
何で,何で,1142,1194,199
たって,たって,1143,1195,198
始まる,始まっ,672,1196,198
とく,とく,358,1197,198
完璧,完璧,1144,1198,198
だいたい,だいたい,1145,1199,198
隣,隣,1146,1200,198
白河,白河,1147,1201,198
ダリ,ダリ,1148,1202,198
果,果,1149,1203,198
開ける,開け,843,1204,197
命令,命令,1150,1205,197
完成,完成,1151,1206,197
頑張る,頑張れ,217,1207,197
慣れる,慣れ,978,1208,197
温泉,温泉,1153,1209,197
怒る,怒っ,501,1210,196
本当は,本当は,1154,1211,196
困る,困る,443,1212,196
彼氏,彼氏,1156,1213,196
続ける,続ける,428,1214,196
秘,秘,1159,1215,196
父上,父上,1160,1216,196
もらう,もらお,136,1217,195
ならば,ならば,1161,1218,195
泣く,泣い,646,1219,195
行く,行け,78,1220,194
おめでとう,おめでとう,1163,1221,194
へえ,へえ,1164,1222,194
男子,男子,1166,1223,194
内,内,1167,1224,193
武器,武器,1168,1225,193
みる,みろ,141,1226,193
討伐,討伐,1169,1227,193
せめて,せめて,1170,1228,193
父さん,父さん,1172,1229,193
零,零,1173,1230,193
相変わらず,相変わらず,1174,1231,192
大した,大した,1175,1232,192
東京,東京,1178,1233,192
感情,感情,1179,1234,192
動く,動く,421,1235,191
神様,神様,1181,1236,191
計画,計画,1182,1237,190
警察,警察,1183,1238,190
そこで,そこで,1184,1239,190
希望,希望,1185,1240,190
動く,動い,421,1241,190
むしろ,むしろ,1186,1242,190
長い,長い,624,1243,190
描く,描い,718,1244,190
ほんと,ほんと,1187,1245,189
ぶっ,ぶっ,1188,1246,189
手伝う,手伝っ,685,1247,189
案内,案内,1190,1248,189
百,百,1191,1249,189
殺し,殺し,1192,1250,189
ほる,ほっ,383,1251,189
生きる,生きる,284,1252,189
ガン,ガン,1193,1253,189
わかる,わかん,77,1254,188
い,い,1194,1255,188
つう,つう,1195,1256,188
もうすぐ,もうすぐ,1196,1257,188
種族,種族,1197,1258,188
気分,気分,1199,1259,187
得る,得,874,1260,187
こりゃ,こりゃ,1201,1261,187
集中,集中,1203,1262,187
長,長,1205,1263,187
お菓子,お菓子,1206,1264,187
我慢,我慢,1207,1265,186
宇宙,宇宙,1208,1266,186
やすい,やすい,796,1267,186
いいえ,いいえ,1209,1268,186
ライブ,ライブ,1211,1269,185
側,側,1212,1270,185
甘い,甘い,709,1271,185
歌,歌,1214,1272,185
たま,たま,1215,1273,185
葵,葵,1216,1274,185
つい,つい,1219,1275,184
き,し,753,1276,184
左,左,1220,1277,184
後ろ,後ろ,1221,1278,183
あした,あした,1222,1279,183
ごと,ごと,1223,1280,183
する,すっ,10,1281,183
以前,以前,1224,1282,183
上がる,上がっ,716,1283,183
監督,監督,1225,1284,183
誕生,誕生,1226,1285,183
不安,不安,1227,1286,183
演奏,演奏,1228,1287,183
返す,返し,666,1288,182
ぜひ,ぜひ,1229,1289,182
待てる,待て,1103,1290,182
決して,決して,1230,1291,182
やら,やら,1231,1292,182
荷物,荷物,1232,1293,182
罪,罪,1233,1294,182
効果,効果,1234,1295,182
合わせる,合わせ,910,1296,182
立派,立派,1235,1297,182
お互い,お互い,1236,1298,182
雷,雷,1237,1299,182
戦闘,戦闘,1238,1300,181
木,木,1239,1301,181
いずれ,いずれ,1240,1302,181
送る,送っ,767,1303,181
四,四,1241,1304,181
ばあちゃん,ばあちゃん,1242,1305,181
工房,工房,1244,1306,181
お待ち,お待ち,1245,1307,180
経験,経験,1246,1308,180
思える,思え,963,1309,180
言う,言え,43,1310,180
黒,黒,1247,1311,180
青野,青野,1248,1312,180
いただく,いただい,367,1313,179
向かう,向かっ,645,1314,179
大きい,大きい,519,1315,179
かかる,かかる,470,1316,179
格好,格好,1249,1317,179
奥,奥,1250,1318,179
帰る,帰ろ,170,1319,179
安全,安全,1251,1320,178
一体,一体,1252,1321,178
悪い,悪かっ,155,1322,178
おら,おら,1253,1323,178
動画,動画,1254,1324,178
食う,食っ,425,1325,178
遅い,遅い,564,1326,178
他人,他人,1255,1327,178
壁,壁,1257,1328,178
選ぶ,選ん,584,1329,178
帝国,帝国,1258,1330,178
得意,得意,1259,1331,177
ばっかり,ばっかり,1260,1332,177
どうやら,どうやら,1261,1333,177
あんなに,あんなに,1262,1334,177
鍵,鍵,1264,1335,177
ある,あん,27,1336,177
雪,雪,1266,1337,177
全力,全力,1267,1338,177
八,八,1268,1339,177
恵,恵,1269,1340,177
久保,久保,1270,1341,177
お茶,お茶,1271,1342,176
ちまう,ちまう,419,1343,176
水原,水原,1272,1344,176
ばっか,ばっか,1273,1345,176
旅,旅,1274,1346,176
分かる,分かる,227,1347,176
現れる,現れ,917,1348,176
クマ,クマ,1275,1349,176
王女,王女,1276,1350,176
屋敷,屋敷,1278,1351,175
二度と,二度と,1279,1352,175
同士,同士,1280,1353,175
舞台,舞台,1282,1354,175
わたくし,わたくし,1283,1355,175
それと,それと,1284,1356,174
褒める,褒め,1176,1357,174
かまう,かまわ,883,1358,174
位,位,1286,1359,174
借りる,借り,1021,1360,174
話す,話す,308,1361,174
涙,涙,1287,1362,174
王子,王子,1289,1363,174
聖,聖,1290,1364,174
エーテル,エーテル,1291,1365,174
飲む,飲み,387,1366,173
反応,反応,1292,1367,173
みる,みよ,141,1368,173
すむ,すん,475,1369,173
暇,暇,1293,1370,173
一生,一生,1294,1371,173
想像,想像,1295,1372,173
恋愛,恋愛,1296,1373,173
公爵,公爵,1297,1374,173
申す,申し,1064,1375,172
とく,とけ,358,1376,172
ですが,ですが,1298,1377,172
当たり前,当たり前,1299,1378,172
実力,実力,1301,1379,172
つきあう,つきあっ,820,1380,172
美しい,美しい,979,1381,172
キモ,キモ,1303,1382,172
お嬢様,お嬢様,1304,1383,172
テスト,テスト,1305,1384,172
におい,におい,1306,1385,172
突然,突然,1307,1386,171
週間,週間,1308,1387,171
馬,馬,1309,1388,171
妙,妙,1310,1389,171
解決,解決,1311,1390,171
求める,求め,1022,1391,171
許す,許し,490,1392,171
死ぬ,死に,163,1393,171
派,派,1313,1394,171
選手,選手,1314,1395,171
乱,乱,1315,1396,171
隼,隼,1316,1397,171
斎,斎,1317,1398,171
本来,本来,1319,1399,170
痛い,痛,441,1400,170
穴,穴,1321,1401,170
護衛,護衛,1322,1402,170
る,る,871,1403,170
すばらしい,すばらしい,1198,1404,170
勝ち,勝ち,1323,1405,170
ボス,ボス,1324,1406,170
助かる,助かっ,591,1407,169
実際,実際,1325,1408,169
呼ぶ,呼ぶ,261,1409,169
らしい,らしく,293,1410,169
たとえ,たとえ,1326,1411,169
すまん,すまん,1327,1412,169
ついに,ついに,1328,1413,169
丸,丸,1329,1414,169
死ぬ,死な,163,1415,169
助ける,助ける,264,1416,169
んじゃ,んじゃ,1330,1417,169
ローレン,ローレン,1331,1418,169
技術,技術,1332,1419,168
襲う,襲わ,719,1420,168
ちる,ちっ,257,1421,168
いく,いこ,110,1422,168
えと,えと,1333,1423,168
たしかに,たしかに,1335,1424,168
よろしい,よろしい,865,1425,167
美,美,1336,1426,167
勘違い,勘違い,1337,1427,167
くい,くぅ,378,1428,167
知る,知る,99,1429,167
持つ,持ち,162,1430,166
抜ける,抜け,1065,1431,166
被害,被害,1341,1432,166
使い,使い,1342,1433,166
なのに,なのに,1343,1434,166
寝る,寝る,343,1435,166
客,客,1344,1436,166
青山,青山,1345,1437,166
頑張る,頑張る,217,1438,165
過去,過去,1348,1439,165
悪魔,悪魔,1349,1440,165
螢,螢,1350,1441,165
スイ,スイ,1351,1442,165
違う,違い,149,1443,164
立つ,立っ,639,1444,164
お話,お話,1353,1445,164
ぶり,ぶり,1354,1446,164
未,未,1355,1447,164
ン,ン,1357,1448,164
事故,事故,1358,1449,163
早速,早速,1359,1450,163
すごい,すご,146,1451,163
データ,データ,1360,1452,163
型,型,1361,1453,163
のみ,のみ,1363,1454,163
気配,気配,1365,1455,163
主人,主人,1368,1456,163
風邪,風邪,1369,1457,163
本人,本人,1370,1458,162
なくなる,なくなっ,935,1459,162
とっても,とっても,1371,1460,162
タイプ,タイプ,1372,1461,162
ってな,ってな,1373,1462,162
入る,入り,171,1463,162
少年,少年,1374,1464,162
御,御,1375,1465,162
ゆ,ゆ,1376,1466,162
堂,堂,1377,1467,162
か月,か月,1378,1468,161
考え,考え,1379,1469,161
なり,なり,743,1470,161
銃,銃,1380,1471,161
つける,つける,265,1472,161
人々,人々,1381,1473,161
魔法使い,魔法使い,1382,1474,161
価値,価値,1383,1475,161
おや,おや,1384,1476,161
イヤ,イヤ,1385,1477,161
たった,たった,1386,1478,161
円,円,1387,1479,160
地球,地球,1389,1480,160
ミ,ミ,1390,1481,160
新た,新た,1391,1482,160
掃除,掃除,1392,1483,160
隙,隙,1393,1484,160
匹,匹,1394,1485,160
無,無,1395,1486,160
作る,作り,173,1487,160
遅い,遅く,564,1488,159
間違う,間違っ,1320,1489,159
違い,違い,1397,1490,159
急ぐ,急い,649,1491,159
こる,こっ,1362,1492,159
答え,答え,1398,1493,159
宿,宿,1399,1494,159
たしか,たしか,1400,1495,159
偶然,偶然,1401,1496,159
思い出す,思い出し,920,1497,159
両親,両親,1404,1498,159
美世,美世,1407,1499,159
撮影,撮影,1408,1500,158
機会,機会,1410,1501,158
平和,平和,1412,1502,158
組織,組織,1413,1503,158
マリア,マリア,1414,1504,158
ご飯,ご飯,1415,1505,158
チャンス,チャンス,1416,1506,157
箱,箱,1417,1507,157
どうしても,どうしても,1418,1508,157
つく,つか,259,1509,157
匂い,匂い,1419,1510,157
殿下,殿下,1421,1511,157
呪,呪,1422,1512,157
香り,香り,1423,1513,157
マスター,マスター,1424,1514,157
社長,社長,1425,1515,156
いいかげん,いいかげん,1426,1516,156
もしか,もしか,1427,1517,156
助かる,助かる,591,1518,156
あう,あう,1121,1519,156
なり,なる,743,1520,156
ノア,ノア,1430,1521,156
卿,卿,1431,1522,156
感じる,感じる,507,1523,155
辺,辺,1432,1524,155
原因,原因,1433,1525,155
不思議,不思議,1434,1526,155
へん,へん,1435,1527,155
いくつ,いくつ,1436,1528,155
ていう,ていう,1437,1529,155
才能,才能,1438,1530,155
女神,女神,1439,1531,155
勝つ,勝つ,530,1532,155
抜刀,抜刀,1440,1533,155
コーヒー,コーヒー,1441,1534,154
静か,静か,1443,1535,154
友人,友人,1445,1536,154
一瞬,一瞬,1446,1537,154
怖い,怖く,341,1538,154
全,全,1447,1539,153
放つ,放っ,930,1540,153
休み,休み,1450,1541,153
多く,多く,1451,1542,153
気づく,気づい,811,1543,153
パーティー,パーティー,1452,1544,153
役者,役者,1453,1545,153
付,付,1454,1546,153
うそ,うそ,1456,1547,152
余裕,余裕,1457,1548,152
はねる,はね,1448,1549,152
わく,わか,1277,1550,152
守る,守り,253,1551,152
合う,合っ,522,1552,152
素直,素直,1459,1553,152
おとなしい,おとなしく,1288,1554,152
瑛二,瑛二,1460,1555,152
弟子,弟子,1461,1556,152
聖域,聖域,1462,1557,152
ジュン,ジュン,1463,1558,152
警戒,警戒,1464,1559,151
代,代,1465,1560,151
そしたら,そしたら,1466,1561,151
改めて,改めて,1467,1562,151
春,春,1469,1563,151
残す,残し,894,1564,151
トイレ,トイレ,1470,1565,151
五色,五色,1471,1566,151
秒,秒,1473,1567,150
ようやく,ようやく,1474,1568,150
上げる,上げ,936,1569,150
判断,判断,1475,1570,150
出す,出さ,255,1571,150
瞬間,瞬間,1476,1572,150
スパイ,スパイ,1477,1573,150
悪,悪,1478,1574,150
質問,質問,1479,1575,150
わり,わり,1480,1576,150
職人,職人,1481,1577,150
正体,正体,1482,1578,149
もともと,もともと,1483,1579,149
調査,調査,1484,1580,149
バイト,バイト,1486,1581,149
試験,試験,1487,1582,149
いただける,いただけ,1015,1583,149
努力,努力,1489,1584,149
成長,成長,1490,1585,149
刃,刃,1491,1586,149
優勝,優勝,1492,1587,149
入学,入学,1493,1588,149
ミサ,ミサ,1494,1589,149
ロン,ロン,1496,1590,148
実験,実験,1497,1591,148
会える,会え,927,1592,148
川,川,1498,1593,148
天才,天才,1499,1594,148
倒す,倒す,480,1595,148
団長,団長,1500,1596,148
バンド,バンド,1501,1597,148
喪神,喪神,1502,1598,148
つる,つっ,1218,1599,147
捕まえる,捕まえ,1133,1600,147
特殊,特殊,1503,1601,147
直接,直接,1504,1602,147
ちなみに,ちなみに,1505,1603,147
入れる,入れる,313,1604,147
終わる,終わら,223,1605,147
道具,道具,1506,1606,147
ガ,ガ,1507,1607,147
頑張る,頑張り,217,1608,147
階,階,1508,1609,147
めちゃくちゃ,めちゃくちゃ,1509,1610,147
驚く,驚い,833,1611,147
兄貴,兄貴,1510,1612,147
運命,運命,1511,1613,147
エル,エル,1512,1614,147
いちご,いちご,1513,1615,147
手紙,手紙,1517,1616,146
きり,きり,1518,1617,146
動く,動か,421,1618,146
回復,回復,1519,1619,146
殺人,殺人,1520,1620,146
選ぶ,選ば,584,1621,146
号,号,1521,1622,146
ヴァイオリン,ヴァイオリン,1522,1623,146
移動,移動,1523,1624,145
最悪,最悪,1524,1625,145
活動,活動,1525,1626,145
会長,会長,1526,1627,145
ファン,ファン,1528,1628,145
今更,今更,1529,1629,145
地下,地下,1530,1630,145
減る,減っ,1107,1631,145
納得,納得,1532,1632,145
流れ,流れ,1533,1633,145
紅,紅,1536,1634,145
ある,あろ,27,1635,145
有名,有名,1537,1636,145
優しい,優しく,503,1637,145
パン,パン,1538,1638,145
之,之,1539,1639,145
プロデューサー,プロデューサー,1540,1640,145
本日,本日,1541,1641,144
ちょうだい,ちょうだい,1542,1642,144
飯,飯,1543,1643,144
失う,失っ,853,1644,144
り,る,574,1645,144
売る,売っ,825,1646,144
どっか,どっか,1545,1647,144
探偵,探偵,1547,1648,144
虫,虫,1549,1649,144
天使,天使,1550,1650,144
眼,眼,1551,1651,143
空気,空気,1552,1652,143
量,量,1553,1653,143
味方,味方,1554,1654,143
人気,人気,1556,1655,143
出会う,出会っ,1171,1656,143
動物,動物,1557,1657,142
部長,部長,1559,1658,142
できる,できれ,61,1659,142
医者,医者,1560,1660,142
侵入,侵入,1561,1661,142
落とす,落とし,994,1662,142
魚,魚,1562,1663,142
影,影,1563,1664,142
旅行,旅行,1565,1665,142
上手,上手,1566,1666,142
愛す,愛し,1047,1667,142
教団,教団,1567,1668,142
途中,途中,1568,1669,141
管理,管理,1570,1670,141
今夜,今夜,1571,1671,141
開始,開始,1572,1672,141
いやぁ,いやぁ,1573,1673,141
例えば,例えば,1574,1674,140
撮る,撮っ,795,1675,140
立場,立場,1575,1676,140
見つかる,見つかっ,728,1677,140
まさに,まさに,1577,1678,140
帰り,帰り,1579,1679,140
やり方,やり方,1580,1680,140
氷,氷,1581,1681,140
そうね,そうね,1582,1682,140
野球,野球,1583,1683,140
緋,緋,1584,1684,140
新人,新人,1585,1685,139
どんどん,どんどん,1586,1686,139
ワン,ワン,1588,1687,139
触れる,触れ,1105,1688,139
ゆえ,ゆえ,1591,1689,139
世話,世話,1592,1690,139
かな,かな,1594,1691,139
修行,修行,1595,1692,139
息,息,1596,1693,139
入る,入ら,171,1694,139
かわいそう,かわいそう,1598,1695,139
吸血鬼,吸血鬼,1599,1696,139
達,達,1600,1697,139
夜露,夜露,1601,1698,139
アン,アン,1602,1699,139
現場,現場,1603,1700,138
戻る,戻り,236,1701,138
系,系,1605,1702,138
何より,何より,1606,1703,138
疲れ,疲れ,1607,1704,138
地獄,地獄,1608,1705,138
長い,長く,624,1706,138
狼,狼,1609,1707,138
日々,日々,1610,1708,138
この世,この世,1611,1709,138
母親,母親,1613,1710,138
駄目,駄目,1614,1711,138
更に,更に,1615,1712,137
やる,や,48,1713,137
てる,てろ,22,1714,137
壊れる,壊れ,1346,1715,137
若い,若い,1098,1716,137
扱い,扱い,1616,1717,137
付ける,付け,1210,1718,137
かわいい,かわいく,215,1719,137
狙う,狙っ,770,1720,137
作り,作り,1618,1721,137
中学,中学,1619,1722,137
分かる,分かり,227,1723,137
ステージ,ステージ,1620,1724,137
アメ,アメ,1621,1725,137
くそ,くそ,1622,1726,136
回収,回収,1623,1727,136
イメージ,イメージ,1624,1728,136
作業,作業,1626,1729,136
差,差,1628,1730,136
暮らす,暮らし,1057,1731,136
正解,正解,1630,1732,136
シン,シン,1631,1733,136
今後,今後,1632,1734,135
始める,始める,449,1735,135
例,例,1633,1736,135
変わる,変わる,292,1737,135
かう,かっ,1334,1738,135
ウワサ,ウワサ,1635,1739,135
西,西,1636,1740,134
取る,取る,345,1741,134
退治,退治,1637,1742,134
辺り,辺り,1638,1743,134
半分,半分,1640,1744,134
ずつ,ずつ,1641,1745,134
代表,代表,1644,1746,134
ひとり,ひとり,1645,1747,134
寒い,寒い,995,1748,134
仁,仁,1646,1749,134
レベッカ,レベッカ,1647,1750,134
だいぶ,だいぶ,1648,1751,133
ないし,ないし,1649,1752,133
条件,条件,1650,1753,133
遠慮,遠慮,1652,1754,133
よい,よ,92,1755,133
変化,変化,1653,1756,133
憧れる,憧れ,1458,1757,133
やぁ,やぁ,1654,1758,133
子供,子供,1656,1759,133
茜,茜,1657,1760,133
志摩,志摩,1658,1761,133
五条,五条,1659,1762,133
タイミング,タイミング,1660,1763,132
不明,不明,1662,1764,132
影響,影響,1663,1765,132
許可,許可,1664,1766,132
証拠,証拠,1665,1767,132
休む,休ん,895,1768,132
面,面,1667,1769,132
永遠,永遠,1668,1770,132
重い,重い,1010,1771,132
個,個,1671,1772,131
位置,位置,1672,1773,131
渡す,渡し,847,1774,131
誤解,誤解,1673,1775,131
加護,加護,1674,1776,131
灯,灯,1675,1777,131
後悔,後悔,1676,1778,131
なんとなく,なんとなく,1677,1779,131
見事,見事,1678,1780,131
解放,解放,1679,1781,131
級,級,1680,1782,131
久,久,1681,1783,131
歩,歩,1682,1784,130
チェック,チェック,1684,1785,130
自ら,自ら,1685,1786,130
もと,もと,1686,1787,130
食う,食わ,425,1788,130
会う,会う,302,1789,130
き,き,753,1790,130
ガード,ガード,1688,1791,130
長月,長月,1689,1792,130
しま,しま,1690,1793,129
自然,自然,1692,1794,129
かぎり,かぎり,1693,1795,129
謎,謎,1695,1796,129
最,最,1697,1797,129
すっごい,すっごく,977,1798,129
己,己,1698,1799,129
勝利,勝利,1699,1800,129
プレゼント,プレゼント,1701,1801,129
波,波,1702,1802,128
趣味,趣味,1703,1803,128
よる,よる,454,1804,128
兵,兵,1705,1805,128
具,具,1708,1806,128
桜,桜,1709,1807,128
教師,教師,1710,1808,128
民,民,1711,1809,128
響,響,1712,1810,128
小村,小村,1713,1811,128
破壊,破壊,1714,1812,127
終わる,終わる,223,1813,127
不可能,不可能,1716,1814,127
回る,回っ,1038,1815,127
隠れる,隠れ,1488,1816,127
いかが,いかが,1718,1817,127
怪しい,怪しい,1534,1818,127
ワシ,ワシ,1719,1819,127
イン,イン,1720,1820,127
延,延,1721,1821,127
虎杖,虎杖,1722,1822,127
犬飼,犬飼,1723,1823,127
起こす,起こし,1081,1824,126
小さな,小さな,1725,1825,126
死体,死体,1727,1826,126
この間,この間,1728,1827,126
のう,のう,1730,1828,126
意外と,意外と,1731,1829,126
合う,合う,522,1830,126
ランク,ランク,1733,1831,126
漫画,漫画,1735,1832,126
文化,文化,1736,1833,126
父親,父親,1737,1834,126
樹,樹,1738,1835,126
大陸,大陸,1739,1836,126
ロナルド,ロナルド,1740,1837,126
逃げる,逃げろ,268,1838,125
承知,承知,1741,1839,125
種,種,1742,1840,125
取る,取ら,345,1841,125
頼む,頼ま,305,1842,125
壊す,壊し,941,1843,125
指,指,1745,1844,125
流,流,1746,1845,125
久我,久我,1747,1846,125
書,書,1748,1847,124
住む,住ん,915,1848,124
おく,おこ,190,1849,124
限界,限界,1749,1850,124
奪う,奪わ,673,1851,124
以来,以来,1751,1852,124
だ,だら,1,1853,124
一撃,一撃,1752,1854,124
馬車,馬車,1753,1855,124
つらい,つらい,1152,1856,124
気に入る,気に入っ,1158,1857,124
氏,氏,1754,1858,124
恐怖,恐怖,1755,1859,124
嘘,嘘,1756,1860,124
アタック,アタック,1757,1861,124
シキ,シキ,1758,1862,124
発,発,1759,1863,123
員,員,1760,1864,123
当たる,当たっ,911,1865,123
文句,文句,1761,1866,123
おやじ,おやじ,1762,1867,123
熱,熱,1763,1868,123
開く,開い,836,1869,123
門,門,1764,1870,123
歩く,歩い,974,1871,123
用事,用事,1765,1872,123
引く,引い,647,1873,123
おいしい,おいし,315,1874,123
真昼,真昼,1766,1875,123
使う,使い,195,1876,122
グループ,グループ,1768,1877,122
将来,将来,1769,1878,122
きれる,きれ,1516,1879,122
試す,試し,1312,1880,122
リーダー,リーダー,1770,1881,122
集まる,集まっ,1213,1882,122
伝説,伝説,1771,1883,122
一度,一度,1772,1884,122
下手,下手,1773,1885,122
監視,監視,1774,1886,122
負け,負け,1775,1887,122
オタク,オタク,1776,1888,122
ペ,ペ,1777,1889,122
拳,拳,1778,1890,122
悟,悟,1779,1891,122
受ける,受ける,447,1892,121
言える,言える,515,1893,121
化け物,化け物,1782,1894,121
大学,大学,1784,1895,121
かつて,かつて,1785,1896,121
動ける,動け,1285,1897,121
礼,礼,1786,1898,121
により,により,1787,1899,121
指導,指導,1788,1900,121
親父,親父,1790,1901,121
あー,あー,1791,1902,121
もはや,もはや,1792,1903,120
てか,てか,1793,1904,120
呼吸,呼吸,1794,1905,120
ポイント,ポイント,1795,1906,120
自己,自己,1798,1907,120
器,器,1800,1908,120
残り,残り,1801,1909,120
支配,支配,1802,1910,120
負ける,負ける,453,1911,120
弓,弓,1803,1912,120
勝てる,勝て,944,1913,120
橘,橘,1806,1914,120
瑠奈,瑠奈,1807,1915,120
気付く,気付か,619,1916,119
見る,見ろ,68,1917,119
きる,きっ,1388,1918,119
プラント,プラント,1808,1919,119
おる,おら,232,1920,119
ってか,ってか,1813,1921,119
ついで,ついで,1815,1922,119
勝てる,勝てる,944,1923,119
羽,羽,1817,1924,119
余,余,1818,1925,119
ポルカ,ポルカ,1819,1926,119
ハンター,ハンター,1820,1927,119
みすず,みすず,1821,1928,119
鉄,鉄,1822,1929,118
現実,現実,1823,1930,118
待つ,待つ,129,1931,118
やれる,やれる,1104,1932,118
そちら,そちら,1824,1933,118
持つ,持た,162,1934,118
立つ,立つ,639,1935,118
レン,レン,1825,1936,118
そういや,そういや,1826,1937,118
夫婦,夫婦,1827,1938,118
楽しい,楽しく,275,1939,118
後輩,後輩,1828,1940,118
身体,身体,1829,1941,118
でかい,でかい,1455,1942,117
重要,重要,1831,1943,117
働く,働い,876,1944,117
意思,意思,1832,1945,117
飲む,飲む,387,1946,117
文字,文字,1834,1947,117
頼り,頼り,1836,1948,117
ひと,ひと,1837,1949,117
信者,信者,1838,1950,117
絶望,絶望,1839,1951,117
キス,キス,1840,1952,117
部活,部活,1841,1953,117
着く,着い,1202,1954,116
少ない,少ない,1318,1955,116
信用,信用,1842,1956,116
立てる,立て,1204,1957,116
や,やろ,85,1958,116
おじさん,おじさん,1845,1959,116
かける,かける,318,1960,116
理想,理想,1846,1961,116
交換,交換,1847,1962,116
法,法,1848,1963,116
舞,舞,1850,1964,116
龍,龍,1851,1965,115
による,による,1852,1966,115
さる,さっ,1515,1967,115
向ける,向け,1587,1968,115
未知,未知,1853,1969,115
倒れる,倒れ,1627,1970,115
扉,扉,1854,1971,115
禁止,禁止,1856,1972,115
治療,治療,1857,1973,115
土産,土産,1858,1974,115
ようこそ,ようこそ,1860,1975,115
ビックリ,ビックリ,1861,1976,115
あり,あり,1862,1977,115
暗殺,暗殺,1863,1978,115
音楽,音楽,1865,1979,115
あるじ,あるじ,1866,1980,115
転生,転生,1867,1981,115
宮,宮,1868,1982,115
でる,で,389,1983,114
たい,た,52,1984,114
発見,発見,1869,1985,114
ただいま,ただいま,1870,1986,114
初,初,1872,1987,114
割,割,1874,1988,114
確実,確実,1875,1989,114
領域,領域,1876,1990,114
精神,精神,1878,1991,114
いざ,いざ,1880,1992,114
ドン,ドン,1881,1993,114
白,白,1882,1994,114
画,画,1883,1995,114
征,征,1884,1996,114
多,多,1885,1997,114
アル,アル,1886,1998,113
感覚,感覚,1887,1999,113
取る,取り,345,2000,113
全く,全く,1888,2001,113
歴史,歴史,1889,2002,113
食う,食う,425,2003,113
おかえり,おかえり,1890,2004,113
まとも,まとも,1892,2005,113
びっくり,びっくり,1893,2006,113
怪物,怪物,1894,2007,113
骨,骨,1895,2008,113
言い方,言い方,1896,2009,113
いかん,いかん,1897,2010,113
始まる,始まる,672,2011,113
斬る,斬,433,2012,113
おおう,おおっ,1593,2013,113
七,七,1898,2014,113
決闘,決闘,1899,2015,113
ルー,ルー,1900,2016,113
連合,連合,1901,2017,113
グリス,グリス,1902,2018,113
ナナオ,ナナオ,1903,2019,113
間違える,間違え,1625,2020,112
晩,晩,1904,2021,112
しょうが,しょうが,1905,2022,112
行ける,行け,1162,2023,112
狙い,狙い,1906,2024,112
呪文,呪文,1907,2025,112
封印,封印,1908,2026,112
学生,学生,1909,2027,112
保護,保護,1910,2028,112
めぐみ,めぐみ,1912,2029,112
オリバー,オリバー,1913,2030,112
弾,弾,1914,2031,111
実家,実家,1916,2032,111
卒業,卒業,1917,2033,111
だす,だし,1338,2034,111
てん,てん,1920,2035,111
食う,食い,425,2036,111
苦労,苦労,1922,2037,111
眠れる,眠れ,1729,2038,111
飛ぶ,飛ん,1027,2039,111
勇気,勇気,1923,2040,111
油,油,1924,2041,111
みせる,みせる,1040,2042,111
妻,妻,1926,2043,111
おじいちゃん,おじいちゃん,1928,2044,111
バン,バン,1929,2045,111
のぞみ,のぞみ,1930,2046,111
道場,道場,1931,2047,111
発表,発表,1932,2048,110
事実,事実,1933,2049,110
病気,病気,1937,2050,110
進む,進ん,764,2051,110
担当,担当,1938,2052,110
意見,意見,1939,2053,110
唯一,唯一,1941,2054,110
人類,人類,1942,2055,110
嫁さん,嫁さん,1943,2056,110
忙しい,忙しい,1106,2057,110
炭,炭,1944,2058,110
す,しゃ,608,2059,110
必死,必死,1946,2060,110
肉体,肉体,1947,2061,110
オーディション,オーディション,1948,2062,110
柳,柳,1949,2063,110
矢野,矢野,1950,2064,110
済む,済ん,946,2065,109
事態,事態,1951,2066,109
襲撃,襲撃,1952,2067,109
すっかり,すっかり,1953,2068,109
返事,返事,1954,2069,109
願い,願い,1955,2070,109
超える,超え,1442,2071,109
王様,王様,1958,2072,109
治癒,治癒,1959,2073,109
傷つける,傷つけ,1405,2074,109
見た目,見た目,1960,2075,109
際,際,1962,2076,108
遅れる,遅れ,1724,2077,108
個人,個人,1964,2078,108
ただし,ただし,1966,2079,108
闇,闇,1968,2080,108
油断,油断,1969,2081,108
肩,肩,1970,2082,108
会話,会話,1971,2083,108
満足,満足,1972,2084,108
お客様,お客様,1973,2085,108
レ,レ,1974,2086,108
谷,谷,1975,2087,108
引く,引く,647,2088,108
桃,桃,1976,2089,108
ギア,ギア,1977,2090,108
二階堂,二階堂,1978,2091,107
ほぼ,ほぼ,1979,2092,107
熊,熊,1980,2093,107
予想,予想,1981,2094,107
する,せよ,10,2095,107
片づける,片づけ,1683,2096,107
そのもの,そのもの,1982,2097,107
社会,社会,1983,2098,107
ノー,ノー,1984,2099,107
とんでも,とんでも,1985,2100,107
金貨,金貨,1987,2101,107
切る,切っ,1189,2102,107
全国,全国,1988,2103,107
それぞれ,それぞれ,1989,2104,107
朗,朗,1990,2105,107
環境,環境,1991,2106,106
倍,倍,1993,2107,106
生命,生命,1994,2108,106
弁当,弁当,1996,2109,106
優秀,優秀,1997,2110,106
雰囲気,雰囲気,1998,2111,106
戦士,戦士,2000,2112,106
かる,かっ,1925,2113,106
中身,中身,2001,2114,106
答える,答え,1165,2115,106
付き合う,付き合っ,1396,2116,106
食べ物,食べ物,2003,2117,106
くま,くま,2004,2118,106
メンバー,メンバー,2005,2119,106
じいちゃん,じいちゃん,2006,2120,106
何とか,何とか,2008,2121,106
崎,崎,2009,2122,106
剣術,剣術,2010,2123,106
開発,開発,2011,2124,105
向かう,向かう,645,2125,105
厳しい,厳しい,1409,2126,105
発動,発動,2012,2127,105
迎える,迎え,1634,2128,105
知識,知識,2014,2129,105
作る,作ら,173,2130,105
正義,正義,2016,2131,105
最終,最終,2017,2132,105
物語,物語,2018,2133,105
買い物,買い物,2020,2134,105
正しい,正しい,1402,2135,105
誰か,誰か,2021,2136,105
痛み,痛み,2024,2137,105
アホ,アホ,2025,2138,105
ふふふ,ふふふ,2026,2139,105
助,助,2027,2140,105
属性,属性,2028,2141,105
アベル,アベル,2029,2142,105
ふだん,ふだん,2030,2143,104
居場所,居場所,2032,2144,104
うえ,うえ,2034,2145,104
休憩,休憩,2035,2146,104
あくまで,あくまで,2036,2147,104
はっきり,はっきり,2039,2148,104
思う,思え,58,2149,104
あん,あん,2041,2150,104
悲しい,悲しい,1687,2151,104
やる気,やる気,2044,2152,104
流星,流星,2045,2153,104
モンスター,モンスター,2046,2154,104
恋人,恋人,2047,2155,104
クリスマス,クリスマス,2048,2156,104
お母様,お母様,2049,2157,104
セツ,セツ,2050,2158,104
諭吉,諭吉,2051,2159,104
年間,年間,2052,2160,103
かなう,かなっ,929,2161,103
指示,指示,2053,2162,103
発生,発生,2054,2163,103
変える,変える,679,2164,103
機械,機械,2055,2165,103
に対して,に対して,2056,2166,103
注意,注意,2057,2167,103
背中,背中,2058,2168,103
済む,済む,946,2169,103
望む,望む,957,2170,103
無視,無視,2059,2171,103
やあ,やあ,2061,2172,103
輩,輩,2062,2173,103
学院,学院,2063,2174,103
決める,決める,450,2175,103
希,希,2065,2176,103
稽古,稽古,2066,2177,103
召喚,召喚,2067,2178,103
秋,秋,2068,2179,103
派手,派手,2069,2180,102
変わる,変わり,292,2181,102
すいません,すいません,2070,2182,102
止まる,止まっ,989,2183,102
天気,天気,2071,2184,102
人物,人物,2073,2185,102
やん,やん,2074,2186,102
手段,手段,2075,2187,102
あげる,あげよ,226,2188,102
教える,教える,248,2189,102
取れる,取れ,1617,2190,102
すい,すぅ,1864,2191,102
観,観,2077,2192,102
会える,会える,927,2193,102
塔,塔,2078,2194,102
きゃあ,きゃあ,2079,2195,102
のどか,のどか,2080,2196,102
合格,合格,2081,2197,102
玉,玉,2083,2198,102
ターン,ターン,2084,2199,102
タオ,タオ,2085,2200,102
和哉,和哉,2086,2201,102
美津,美津,2087,2202,102
完了,完了,2088,2203,101
かねる,かね,1781,2204,101
異常,異常,2090,2205,101
ありがたい,ありがたい,1651,2206,101
優先,優先,2091,2207,101
たび,たび,2092,2208,101
まとめる,まとめ,1799,2209,101
速い,速い,1046,2210,101
共に,共に,2095,2211,101
お方,お方,2096,2212,101
そん,そん,2097,2213,101
はじめまして,はじめまして,2098,2214,101
買う,買い,344,2215,101
ポ,ポ,2100,2216,101
薫,薫,2102,2217,101
アサヒ,アサヒ,2103,2218,101
鍛える,鍛え,1830,2219,100
詳しい,詳しい,1200,2220,100
態度,態度,2104,2221,100
騒ぎ,騒ぎ,2105,2222,100
現在,現在,2106,2223,100
出せる,出せ,1558,2224,100
嫌う,嫌わ,1352,2225,100
一方,一方,2109,2226,100
病院,病院,2110,2227,100
いえいえ,いえいえ,2111,2228,100
りん,りん,2112,2229,100
耐える,耐え,1696,2230,100
兄弟,兄弟,2113,2231,100
役目,役目,2114,2232,100
ともかく,ともかく,2115,2233,100
怒り,怒り,2117,2234,100
買う,買う,344,2235,100
お気,お気,2118,2236,100
告白,告白,2120,2237,100
懐かしい,懐かしい,1859,2238,100
爆発,爆発,2121,2239,100
刑事,刑事,2123,2240,100
ダム,ダム,2125,2241,100
みつ,みっ,1655,2242,100
空間,空間,2126,2243,100
遠い,遠い,1113,2244,100
卵,卵,2128,2245,100
委員,委員,2129,2246,100
庭,庭,2131,2247,100
仕方,仕方,2132,2248,100
素材,素材,2133,2249,100
ウーン,ウーン,2134,2250,100
佐,佐,2135,2251,100
鬼島,鬼島,2136,2252,100
宵,宵,2137,2253,100
ローレンス,ローレンス,2138,2254,100
避ける,避け,1639,2255,99
次に,次に,2140,2256,99
襲う,襲っ,719,2257,99
当たり,当たり,2142,2258,99
少々,少々,2144,2259,99
止める,止める,544,2260,99
報酬,報酬,2145,2261,99
奪う,奪っ,673,2262,99
一色,一色,2146,2263,99
似合う,似合う,937,2264,99
演じる,演じ,1548,2265,99
部下,部下,2147,2266,99
糸,糸,2148,2267,99
いたむ,いたん,2127,2268,99
教室,教室,2150,2269,99
思い出,思い出,2151,2270,99
純,純,2152,2271,99
ばか,ばか,2153,2272,98
意外,意外,2154,2273,98
おかしい,おかしく,602,2274,98
住む,住む,915,2275,98
常に,常に,2155,2276,98
相当,相当,2157,2277,98
脳,脳,2158,2278,98
自体,自体,2159,2279,98
エルフ,エルフ,2160,2280,98
牙,牙,2161,2281,98
限り,限り,2164,2282,98
蛇,蛇,2165,2283,98
お話し,お話し,2166,2284,98
性格,性格,2167,2285,98
ふさわしい,ふさわしい,1945,2286,98
だからこそ,だからこそ,2168,2287,98
傘,傘,2169,2288,98
望む,望ん,957,2289,98
奴,奴,2170,2290,98
初め,初め,2172,2291,97
小僧,小僧,2173,2292,97
先日,先日,2174,2293,97
会議,会議,2175,2294,97
ほんとに,ほんとに,2177,2295,97
いったん,いったん,2178,2296,97
適当,適当,2179,2297,97
よっしゃ,よっしゃ,2181,2298,97
運,運,2182,2299,97
乗る,乗る,536,2300,97
消す,消し,1157,2301,97
任せる,任せる,370,2302,97
たり,たる,196,2303,97
竜,竜,2183,2304,97
皮,皮,2184,2305,97
柱,柱,2186,2306,97
やれやれ,やれやれ,2187,2307,97
上がる,上がる,716,2308,97
似合う,似合っ,937,2309,97
運動,運動,2189,2310,97
基本,基本,2192,2311,97
プロ,プロ,2193,2312,97
東,東,2195,2313,97
直す,直し,1472,2314,96
避難,避難,2196,2315,96
ない,なき,8,2316,96
暮らし,暮らし,2199,2317,96
登録,登録,2202,2318,96
死ぬ,死ね,163,2319,96
出発,出発,2203,2320,96
深い,深い,1095,2321,96
花火,花火,2204,2322,96
一部,一部,2205,2323,96
再生,再生,2206,2324,96
トウ,トウ,2207,2325,96
ちゃう,ちゃい,107,2326,95
楽しむ,楽しん,1017,2327,95
湖,湖,2210,2328,95
主任,主任,2211,2329,95
暴走,暴走,2212,2330,95
戻る,戻ら,236,2331,95
見つかる,見つから,728,2332,95
だらけ,だらけ,2217,2333,95
村長,村長,2218,2334,95
ひく,ひい,1564,2335,95
守る,守ら,253,2336,95
イベント,イベント,2219,2337,95
小娘,小娘,2220,2338,95
坂,坂,2221,2339,95
弥,弥,2222,2340,95
さらに,さらに,2223,2341,95
リアル,リアル,2224,2342,95
イス,イス,2225,2343,95
哲雄,哲雄,2226,2344,95
静香,静香,2227,2345,95
犠牲,犠牲,2228,2346,94
塩田,塩田,2229,2347,94
呼ぶ,呼び,261,2348,94
奇跡,奇跡,2230,2349,94
貴重,貴重,2232,2350,94
青,青,2233,2351,94
腰,腰,2234,2352,94
去年,去年,2235,2353,94
恐ろしい,恐ろしい,1810,2354,94
復活,復活,2236,2355,94
内容,内容,2237,2356,94
知れる,知れ,2119,2357,94
育てる,育て,1744,2358,94
人形,人形,2239,2359,94
テル,テル,2240,2360,94
イチゴ,イチゴ,2241,2361,94
キャラ,キャラ,2242,2362,94
華,華,2243,2363,94
由,由,2244,2364,94
江戸,江戸,2245,2365,94
マヤ,マヤ,2246,2366,94
ドロップ,ドロップ,2247,2367,94
サイ,サイ,2248,2368,94
恭一,恭一,2249,2369,94
いよいよ,いよいよ,2250,2370,93
パワー,パワー,2251,2371,93
加える,加え,1604,2372,93
仕掛ける,仕掛け,1873,2373,93
誘う,誘っ,1263,2374,93
使う,使え,195,2375,93
施設,施設,2252,2376,93
そろう,そろっ,1666,2377,93
たまたま,たまたま,2254,2378,93
商品,商品,2255,2379,93
チョコ,チョコ,2256,2380,93
拾う,拾っ,1670,2381,93
治郎,治郎,2257,2382,93
弥彦,弥彦,2258,2383,93
柔道,柔道,2259,2384,93
不幸,不幸,2260,2385,92
駅,駅,2262,2386,92
どうにか,どうにか,2263,2387,92
よい,よけれ,92,2388,92
いただき,いただき,2265,2389,92
何事,何事,2266,2390,92
ロック,ロック,2267,2391,92
気づく,気づか,811,2392,92
愚か,愚か,2269,2393,92
下がる,下がっ,1403,2394,92
やばい,やばい,1669,2395,92
解,解,2270,2396,92
提案,提案,2271,2397,91
緊急,緊急,2272,2398,91
機嫌,機嫌,2273,2399,91
最も,最も,2274,2400,91
まね,まね,2275,2401,91
与える,与える,738,2402,91
走る,走っ,823,2403,91
多い,多く,481,2404,91
おいで,おいで,2278,2405,91
よいしょ,よいしょ,2279,2406,91
姫君,姫君,2280,2407,91
鏡,鏡,2281,2408,91
奥さん,奥さん,2282,2409,91
黒い,黒い,1844,2410,91
キレイ,キレイ,2285,2411,91
変身,変身,2286,2412,91
首都,首都,2287,2413,91
まち,まち,2288,2414,91
静,静,2289,2415,91
合う,合わ,522,2416,90
時期,時期,2291,2417,90
お昼,お昼,2293,2418,90
こないだ,こないだ,2294,2419,90
切れる,切れ,1796,2420,90
紙,紙,2295,2421,90
やってくる,やってき,1855,2422,90
生物,生物,2296,2423,90
早い,早,165,2424,90
転移,転移,2299,2425,90
つつ,つつ,2300,2426,90
帰る,帰ら,170,2427,90
終了,終了,2301,2428,90
ふざける,ふざけ,1180,2429,90
男の子,男の子,2302,2430,90
誇り,誇り,2303,2431,90
盗賊,盗賊,2305,2432,90
鶴見,鶴見,2306,2433,90
田,田,2307,2434,90
きちんと,きちんと,2309,2435,89
おかえりなさい,おかえりなさい,2310,2436,89
非,非,2311,2437,89
なる,なん,28,2438,89
進める,進め,1783,2439,89
座る,座っ,1411,2440,89
装置,装置,2312,2441,89
否定,否定,2314,2442,89
ルール,ルール,2315,2443,89
社,社,2316,2444,89
どころ,どころ,2317,2445,89
くれる,くれれ,59,2446,89
合う,合い,522,2447,89
証明,証明,2318,2448,89
投げる,投げ,1843,2449,89
信頼,信頼,2319,2450,89
ついてる,ついてる,1468,2451,89
謝る,謝る,840,2452,89
祭り,祭り,2320,2453,89
高校生,高校生,2321,2454,89
維新,維新,2322,2455,89
早川,早川,2323,2456,89
ひろ,ひろ,2324,2457,89
少なくとも,少なくとも,2325,2458,88
機能,機能,2326,2459,88
都合,都合,2327,2460,88
戦力,戦力,2328,2461,88
体力,体力,2331,2462,88
広い,広い,1717,2463,88
歓迎,歓迎,2332,2464,88
不,不,2333,2465,88
湯,湯,2334,2466,88
分かる,分かん,227,2467,88
斬る,斬っ,433,2468,88
ユキ,ユキ,2338,2469,88
あかね,あかね,2339,2470,88
つみ,つみ,2340,2471,88
込める,込め,2031,2472,87
比べる,比べ,1715,2473,87
建物,建物,2341,2474,87
最低,最低,2342,2475,87
反対,反対,2343,2476,87
ネット,ネット,2344,2477,87
底,底,2345,2478,87
筋,筋,2346,2479,87
つながる,つながっ,1544,2480,87
もしもし,もしもし,2347,2481,87
一気に,一気に,2349,2482,87
どん,どん,2350,2483,87
おもしろい,おもしろ,581,2484,87
戦う,戦い,369,2485,87
午後,午後,2352,2486,87
進む,進む,764,2487,87
信じる,信じる,411,2488,87
見せる,見せる,353,2489,87
ごきげんよう,ごきげんよう,2357,2490,87
設定,設定,2358,2491,87
中尉,中尉,2359,2492,87
博士,博士,2360,2493,87
幸人,幸人,2361,2494,87
夏川,夏川,2362,2495,87
風巻,風巻,2363,2496,87
方向,方向,2364,2497,86
着,着,2365,2498,86
構う,構わ,1527,2499,86
かわり,かわり,2366,2500,86
もしも,もしも,2367,2501,86
許せる,許せ,2040,2502,86
コツ,コツ,2369,2503,86
迷う,迷っ,1590,2504,86
届く,届か,973,2505,86
ベッド,ベッド,2370,2506,86
謝る,謝っ,840,2507,86
通り,通り,2371,2508,86
兵士,兵士,2372,2509,86
迷宮,迷宮,2373,2510,86
手伝い,手伝い,2374,2511,86
でく,でっ,1956,2512,86
すく,すい,1879,2513,86
五,五,2376,2514,86
うれしい,うれしかっ,393,2515,86
家庭,家庭,2377,2516,86
京都,京都,2380,2517,86
じゃう,じゃっ,1546,2518,86
セリフ,セリフ,2381,2519,86
決勝,決勝,2382,2520,86
椿,椿,2383,2521,86
結,結,2384,2522,86
じじい,じじい,2385,2523,86
対象,対象,2386,2524,85
やす,やし,1935,2525,85
関わる,関わる,1155,2526,85
バイク,バイク,2388,2527,85
わざと,わざと,2389,2528,85
界,界,2390,2529,85
効く,効か,1084,2530,85
近づく,近づい,1011,2531,85
目指す,目指す,1256,2532,85
寂しい,寂しい,1364,2533,85
半,半,2392,2534,85
偉い,偉い,1429,2535,85
ボク,ボク,2393,2536,85
なる,なろ,28,2537,85
続く,続い,925,2538,85
探す,探す,533,2539,85
ゼロ,ゼロ,2395,2540,85
伝える,伝える,599,2541,85
水着,水着,2396,2542,85
救う,救っ,877,2543,85
制服,制服,2398,2544,85
大勢,大勢,2399,2545,85
救う,救う,877,2546,85
母上,母上,2400,2547,85
王家,王家,2401,2548,85
宰相,宰相,2402,2549,85
桐,桐,2403,2550,85
帳,帳,2404,2551,85
渚,渚,2405,2552,85
仙石,仙石,2406,2553,85
ピート,ピート,2407,2554,85
湊,湊,2408,2555,85
対,対,2409,2556,84
望み,望み,2411,2557,84
ご存じ,ご存じ,2412,2558,84
大量,大量,2413,2559,84
評価,評価,2415,2560,84
ずるい,ずるい,2354,2561,84
皆様,皆様,2418,2562,84
鷲,鷲,2419,2563,84
教育,教育,2420,2564,84
行方,行方,2422,2565,84
軌道,軌道,2423,2566,84
ケーキ,ケーキ,2424,2567,84
明,明,2425,2568,84
センス,センス,2426,2569,84
同時に,同時に,2428,2570,83
みせる,みせ,1040,2571,83
プラス,プラス,2429,2572,83
抵抗,抵抗,2431,2573,83
ほれる,ほれ,2416,2574,83
あんま,あんま,2432,2575,83
窓,窓,2433,2576,83
好み,好み,2434,2577,83
別れ,別れ,2435,2578,83
スリル,スリル,2436,2579,83
あるいは,あるいは,2437,2580,83
押す,押し,1694,2581,83
続き,続き,2438,2582,83
心臓,心臓,2439,2583,83
最大,最大,2441,2584,83
もったいない,もったいない,2216,2585,83
カフェ,カフェ,2442,2586,83
ほしい,ほしく,286,2587,83
返す,返す,666,2588,83
あたり,あたり,2444,2589,83
てめぇ,てめぇ,2445,2590,83
めがね,めがね,2446,2591,83
乗せる,乗せ,2308,2592,82
カメラ,カメラ,2447,2593,82
記録,記録,2448,2594,82
自慢,自慢,2450,2595,82
台,台,2451,2596,82
いう,いわ,86,2597,82
神殿,神殿,2452,2598,82
いただく,いただく,367,2599,82
せる,せろ,82,2600,82
しゃべる,しゃべっ,1177,2601,82
黙る,黙れ,641,2602,82
高い,高く,509,2603,82
座,座,2454,2604,82
期,期,2455,2605,82
斗,斗,2456,2606,82
遠く,遠く,2457,2607,82
随分,随分,2460,2608,82
マックス,マックス,2461,2609,82
引き,引き,2462,2610,82
作れる,作れる,1444,2611,82
よこす,よこせ,1797,2612,82
群れ,群れ,2463,2613,82
フィン,フィン,2464,2614,82
郎,郎,2465,2615,82
ファイト,ファイト,2466,2616,82
右,右,2467,2617,81
大きい,大き,519,2618,81
記念,記念,2469,2619,81
時々,時々,2470,2620,81
抑える,抑え,2037,2621,81
活躍,活躍,2472,2622,81
目標,目標,2473,2623,81
行為,行為,2474,2624,81
注文,注文,2475,2625,81
かなう,かなわ,929,2626,81
ハイ,ハイ,2477,2627,81
こい,こ,1449,2628,81
始末,始末,2478,2629,81
一切,一切,2480,2630,81
靴,靴,2481,2631,81
群,群,2483,2632,81
起こる,起こっ,1302,2633,81
喜ぶ,喜ぶ,724,2634,81
アーティスト,アーティスト,2484,2635,81
ひょっと,ひょっと,2485,2636,81
魔道,魔道,2486,2637,81
灰,灰,2487,2638,81
杉,杉,2488,2639,81
アイヌ,アイヌ,2489,2640,81
領,領,2491,2641,81
フレイ,フレイ,2492,2642,81
呪力,呪力,2493,2643,81
もらう,もらわ,136,2644,80
電気,電気,2494,2645,80
畑,畑,2495,2646,80
危機,危機,2496,2647,80
対応,対応,2497,2648,80
寄る,寄っ,1871,2649,80
褒美,褒美,2498,2650,80
助かる,助かり,591,2651,80
すっごい,すっごい,977,2652,80
権,権,2499,2653,80
恐れる,恐れ,1940,2654,80
悩む,悩ん,1811,2655,80
どんなに,どんなに,2502,2656,80
ない,なくっ,8,2657,80
ある,あら,27,2658,80
と共に,と共に,2503,2659,80
資格,資格,2504,2660,80
泣く,泣く,646,2661,80
おしまい,おしまい,2505,2662,80
話題,話題,2506,2663,80
待つ,待ち,129,2664,80
巻き込む,巻き込ま,1300,2665,80
店長,店長,2507,2666,80
過ごす,過ごし,1734,2667,80
販売,販売,2508,2668,80
マネ,マネ,2509,2669,80
展開,展開,2510,2670,80
悪い,悪,155,2671,80
友,友,2511,2672,80
っす,っしょ,179,2673,80
向日葵,向日葵,2513,2674,80
嫁,嫁,2514,2675,80
ひひ,ひひ,2515,2676,80
わらう,わらわ,2490,2677,80
雑魚,雑魚,2516,2678,80
ロー,ロー,2517,2679,80
伯爵,伯爵,2518,2680,80
映像,映像,2519,2681,79
詳しい,詳しく,1200,2682,79
運ぶ,運ん,1139,2683,79
表,表,2520,2684,79
残る,残る,593,2685,79
システム,システム,2521,2686,79
一般,一般,2522,2687,79
具合,具合,2524,2688,79
潰す,潰し,1217,2689,79
とる,とら,354,2690,79
地上,地上,2525,2691,79
勘弁,勘弁,2526,2692,79
南,南,2527,2693,79
かなた,かなた,2528,2694,79
行ける,行ける,1162,2695,79
範囲,範囲,2529,2696,79
神社,神社,2530,2697,79
入り,入り,2532,2698,79
犯罪,犯罪,2533,2699,79
にくい,にくい,1965,2700,79
目指す,目指し,1256,2701,79
赤い,赤い,1612,2702,79
頑張る,頑張ろ,217,2703,79
姉妹,姉妹,2535,2704,79
たんす,たんす,2536,2705,79
コール,コール,2537,2706,79
男爵,男爵,2538,2707,79
呪術,呪術,2539,2708,79
飯沼,飯沼,2540,2709,79
椎名,椎名,2541,2710,79
詠子,詠子,2542,2711,79
周囲,周囲,2543,2712,78
今朝,今朝,2544,2713,78
巨大,巨大,2546,2714,78
専門,専門,2547,2715,78
いっそ,いっそ,2549,2716,78
冷静,冷静,2550,2717,78
生き物,生き物,2551,2718,78
エア,エア,2552,2719,78
％,％,2553,2720,78
対策,対策,2555,2721,78
じゃ,じゃろ,33,2722,78
すごい,すごかっ,146,2723,78
っ子,っ子,2560,2724,78
一族,一族,2562,2725,78
だり,だり,2565,2726,78
奪う,奪う,673,2727,78
遊ぶ,遊ぶ,572,2728,78
多分,多分,2569,2729,78
おやすみ,おやすみ,2570,2730,78
野菜,野菜,2571,2731,78
挑戦,挑戦,2573,2732,78
追いかける,追いかけ,2124,2733,78
前世,前世,2574,2734,78
チセ,チセ,2575,2735,78
ダメージ,ダメージ,2576,2736,77
むちゃ,むちゃ,2577,2737,77
ちょい,ちょい,2578,2738,77
光栄,光栄,2579,2739,77
そりゃあ,そりゃあ,2581,2740,77
軽い,軽く,1339,2741,77
鼻,鼻,2582,2742,77
捕まる,捕まっ,1891,2743,77
それなり,それなり,2583,2744,77
出番,出番,2584,2745,77
なめる,なめ,1919,2746,77
生まれる,生まれる,600,2747,77
抱える,抱え,2214,2748,77
触る,触っ,1067,2749,77
土,土,2585,2750,77
真実,真実,2586,2751,77
洗う,洗っ,1643,2752,77
つけ,つけ,2588,2753,77
魅力,魅力,2589,2754,77
中心,中心,2591,2755,77
ステキ,ステキ,2592,2756,77
着替える,着替え,2191,2757,77
処刑,処刑,2593,2758,77
たた,たた,2594,2759,77
兵器,兵器,2595,2760,77
タマ,タマ,2596,2761,77
蒼,蒼,2598,2762,77
流浪,流浪,2599,2763,77
クラウス,クラウス,2600,2764,77
なるべく,なるべく,2601,2765,76
出来る,出来,2290,2766,76
くださる,くださっ,109,2767,76
やめる,やめる,199,2768,76
北,北,2603,2769,76
資料,資料,2604,2770,76
食べる,食べよ,169,2771,76
公,公,2605,2772,76
言い訳,言い訳,2607,2773,76
らっしゃる,らっしゃい,2201,2774,76
接近,接近,2609,2775,76
園,園,2610,2776,76
まいる,まいり,1743,2777,76
肌,肌,2611,2778,76
帰る,帰れ,170,2779,76
いつの間に,いつの間に,2612,2780,76
決定,決定,2614,2781,76
勢い,勢い,2615,2782,76
黒瀬,黒瀬,2616,2783,76
夏休み,夏休み,2617,2784,76
アップ,アップ,2618,2785,76
おいしい,おいしく,315,2786,76
美人,美人,2619,2787,76
罰,罰,2620,2788,76
剣士,剣士,2621,2789,76
強化,強化,2622,2790,76
伊,伊,2623,2791,76
秋水,秋水,2624,2792,76
武藤,武藤,2625,2793,75
どる,どっ,1934,2794,75
現れる,現れる,917,2795,75
先ほど,先ほど,2626,2796,75
候補,候補,2627,2797,75
に関して,に関して,2628,2798,75
連続,連続,2629,2799,75
空く,空い,2414,2800,75
ブラック,ブラック,2631,2801,75
維持,維持,2634,2802,75
近づく,近づく,1011,2803,75
実,実,2635,2804,75
警備,警備,2636,2805,75
甘える,甘え,2268,2806,75
やれる,やれ,1104,2807,75
続く,続く,925,2808,75
あらゆる,あらゆる,2637,2809,75
世,世,2638,2810,75
会う,会わ,302,2811,75
はいる,はいっ,2440,2812,75
陰,陰,2640,2813,75
怖い,怖,341,2814,75
親友,親友,2641,2815,75
表現,表現,2642,2816,75
かわいい,かわい,215,2817,75
シャイ,シャイ,2643,2818,75
良い,良かっ,1243,2819,75
熱い,熱い,1707,2820,75
便利,便利,2644,2821,75
迷子,迷子,2645,2822,75
食い,食い,2646,2823,75
部隊,部隊,2647,2824,75
カン,カン,2648,2825,75
ハル,ハル,2649,2826,75
太郎,太郎,2650,2827,75
天元,天元,2651,2828,75
エド,エド,2652,2829,75
おく,おか,190,2830,74
けが,けが,2653,2831,74
おっさん,おっさん,2654,2832,74
ほんの,ほんの,2655,2833,74
再,再,2658,2834,74
きっかけ,きっかけ,2660,2835,74
刺激,刺激,2661,2836,74
限る,限ら,1918,2837,74
男性,男性,2664,2838,74
受け入れる,受け入れ,1921,2839,74
突破,突破,2665,2840,74
よくも,よくも,2666,2841,74
笑う,笑う,644,2842,74
魔女,魔女,2667,2843,74
脱出,脱出,2669,2844,74
参る,参り,1780,2845,74
院,院,2670,2846,74
狙う,狙う,770,2847,74
ナイス,ナイス,2671,2848,74
困る,困り,443,2849,74
実に,実に,2672,2850,74
冷たい,冷たい,1835,2851,74
手伝う,手伝う,685,2852,74
見る,見れ,68,2853,74
残す,残さ,894,2854,74
小学生,小学生,2674,2855,74
愛す,愛さ,1047,2856,74
死ねる,死ね,2336,2857,74
指輪,指輪,2675,2858,74
お嬢さん,お嬢さん,2676,2859,74
ァ,ァ,2677,2860,74
伸びる,伸び,2238,2861,74
嬉しい,嬉しい,2082,2862,74
化物,化物,2679,2863,74
反省,反省,2680,2864,73
頼み,頼み,2681,2865,73
巣,巣,2682,2866,73
やっかい,やっかい,2683,2867,73
解除,解除,2684,2868,73
臭い,臭い,2276,2869,73
いちいち,いちいち,2686,2870,73
流れる,流れ,2141,2871,73
使用,使用,2688,2872,73
昼,昼,2689,2873,73
把握,把握,2690,2874,73
かしこまる,かしこまり,2427,2875,73
衆,衆,2691,2876,73
得る,得る,874,2877,73
読む,読む,643,2878,73
確保,確保,2692,2879,73
夫,夫,2693,2880,73
横,横,2695,2881,73
降りる,降り,1986,2882,73
捜査,捜査,2698,2883,73
犯,犯,2699,2884,73
率,率,2700,2885,73
向く,向い,2253,2886,73
落ちる,落ちる,726,2887,73
人前,人前,2702,2888,73
おもちゃ,おもちゃ,2703,2889,73
気持ちいい,気持ちいい,2704,2890,73
プリン,プリン,2705,2891,73
のる,のっ,2337,2892,73
爆弾,爆弾,2706,2893,73
市川,市川,2707,2894,73
緒,緒,2708,2895,73
瑠璃,瑠璃,2710,2896,73
ジル,ジル,2711,2897,73
シリア,シリア,2712,2898,73
エルナ,エルナ,2713,2899,73
念,念,2714,2900,72
その後,その後,2715,2901,72
エネルギー,エネルギー,2716,2902,72
行う,行う,445,2903,72
制御,制御,2718,2904,72
無限,無限,2719,2905,72
真剣,真剣,2720,2906,72
引く,引き,647,2907,72
集団,集団,2721,2908,72
世の中,世の中,2722,2909,72
よせ,よせ,2723,2910,72
お守り,お守り,2725,2911,72
軽い,軽い,1339,2912,72
射る,射,2561,2913,72
いらっしゃい,いらっしゃい,2726,2914,72
成績,成績,2727,2915,72
いい,いいっ,34,2916,72
おいしい,おいしかっ,315,2917,72
仲良く,仲良く,2729,2918,72
出会い,出会い,2730,2919,72
支える,支え,2130,2920,72
洗濯,洗濯,2731,2921,72
紅茶,紅茶,2732,2922,72
天国,天国,2733,2923,72
渡す,渡す,847,2924,72
当てる,当て,2007,2925,72
アク,アク,2735,2926,72
教会,教会,2736,2927,72
キャロル,キャロル,2737,2928,72
卍,卍,2738,2929,72
付く,付い,2171,2930,71
おる,おりゃ,232,2931,71
あまりに,あまりに,2740,2932,71
流す,流し,1485,2933,71
ホ,ホ,2742,2934,71
打つ,打っ,1140,2935,71
マン,マン,2743,2936,71
お手伝い,お手伝い,2744,2937,71
想定,想定,2745,2938,71
に対する,に対する,2746,2939,71
解体,解体,2747,2940,71
決着,決着,2748,2941,71
取り引き,取り引き,2750,2942,71
ねん,ねん,2751,2943,71
再び,再び,2752,2944,71
囲む,囲ま,2353,2945,71
ドキドキ,ドキドキ,2753,2946,71
古い,古い,2264,2947,71
たまに,たまに,2754,2948,71
怒る,怒る,501,2949,71
解ける,解け,2122,2950,71
抜く,抜い,1265,2951,71
当時,当時,2758,2952,71
速い,速,1046,2953,71
政府,政府,2761,2954,71
任せる,任せろ,370,2955,71
不良,不良,2762,2956,71
メイド,メイド,2763,2957,71
屍,屍,2764,2958,71
錬金術,錬金術,2765,2959,71
一郎,一郎,2766,2960,71
めぐむ,めぐみ,2767,2961,71
たくす,たくし,2709,2962,71
初日,初日,2768,2963,70
全体,全体,2769,2964,70
やすい,やすく,796,2965,70
諦める,諦める,650,2966,70
遺跡,遺跡,2770,2967,70
忘れる,忘れる,332,2968,70
ボール,ボール,2771,2969,70
どく,どい,1420,2970,70
儀式,儀式,2773,2971,70
あちら,あちら,2774,2972,70
屋上,屋上,2775,2973,70
商人,商人,2776,2974,70
連れ,連れ,2777,2975,70
解く,解く,1366,2976,70
選ぶ,選ぶ,584,2977,70
館,館,2778,2978,70
汗,汗,2780,2979,70
小さい,小さく,749,2980,70
親子,親子,2781,2981,70
当たる,当たる,911,2982,70
殺る,殺,2304,2983,70
焼き,焼き,2782,2984,70
佐伯,佐伯,2783,2985,70
小糸,小糸,2784,2986,70
モニカ,モニカ,2785,2987,70
寺,寺,2786,2988,70
副,副,2787,2989,70
幼,幼,2788,2990,70
修理,修理,2790,2991,69
企画,企画,2791,2992,69
仮に,仮に,2792,2993,69
含める,含め,2685,2994,69
セット,セット,2793,2995,69
うれしい,うれしく,393,2996,69
部分,部分,2794,2997,69
塩,塩,2795,2998,69
外す,外し,1704,2999,69
陣,陣,2798,3000,69
いる,いろ,18,3001,69
する,すりゃ,10,3002,69
落ち着ける,落ち着け,2391,3003,69
変態,変態,2801,3004,69
景色,景色,2802,3005,69
見かける,見かけ,2590,3006,69
いつの間にか,いつの間にか,2804,3007,69
話しかける,話しかけ,2443,3008,69
くれる,くん,59,3009,69
カッコ,カッコ,2805,3010,69
諸君,諸君,2807,3011,69
キャー,キャー,2808,3012,69
一生懸命,一生懸命,2809,3013,69
年齢,年齢,2810,3014,69
自動,自動,2811,3015,69
ライアン,ライアン,2812,3016,69
竜宮,竜宮,2813,3017,69
ける,けっ,1578,3018,68
一般人,一般人,2814,3019,68
決まる,決まり,484,3020,68
見学,見学,2815,3021,68
しる,しっ,2663,3022,68
合流,合流,2816,3023,68
線,線,2817,3024,68
なんとも,なんとも,2818,3025,68
学,学,2820,3026,68
作る,作ろ,173,3027,68
翼,翼,2821,3028,68
そのうち,そのうち,2822,3029,68
悩み,悩み,2823,3030,68
病,病,2824,3031,68
お湯,お湯,2825,3032,68
聞く,聞け,108,3033,68
張る,張っ,1809,3034,68
状,状,2826,3035,68
とっくに,とっくに,2827,3036,68
どす,どし,2701,3037,68
思い出す,思い出す,920,3038,68
フリ,フリ,2828,3039,68
トリガー,トリガー,2829,3040,68
バラ,バラ,2830,3041,68
離す,離し,1531,3042,68
瞳,瞳,2831,3043,68
痛い,痛く,441,3044,68
値,値,2833,3045,68
朱,朱,2834,3046,68
蜘蛛,蜘蛛,2835,3047,68
聞こえる,聞こえる,704,3048,67
交渉,交渉,2837,3049,67
つくる,つくっ,1340,3050,67
植物,植物,2840,3051,67
役割,役割,2842,3052,67
かまう,かまい,883,3053,67
ありゃ,ありゃ,2845,3054,67
単純,単純,2846,3055,67
逃がす,逃がす,1428,3056,67
アッ,アッ,2848,3057,67
おかしな,おかしな,2849,3058,67
作れる,作れ,1444,3059,67
伝承,伝承,2850,3060,67
く,きゃ,30,3061,67
ご覧,ご覧,2851,3062,67
布団,布団,2852,3063,67
稼ぎ,稼ぎ,2854,3064,67
科,科,2855,3065,67
寮,寮,2857,3066,67
次回,次回,2858,3067,67
うまい,うま,279,3068,67
不足,不足,2859,3069,67
戦う,戦わ,369,3070,67
ふみ,ふみ,2860,3071,67
威力,威力,2861,3072,67
上級,上級,2862,3073,67
運転,運転,2863,3074,66
ロボット,ロボット,2864,3075,66
がれ,がれ,2865,3076,66
一刻,一刻,2866,3077,66
ひとまず,ひとまず,2868,3078,66
つく,つき,259,3079,66
それほど,それほど,2869,3080,66
権利,権利,2870,3081,66
働く,働く,876,3082,66
教わる,教わっ,2060,3083,66
歩く,歩く,974,3084,66
矢,矢,2874,3085,66
ゴミ,ゴミ,2875,3086,66
らん,らん,2876,3087,66
秩序,秩序,2878,3088,66
トップ,トップ,2879,3089,66
隠す,隠す,702,3090,66
ひと言,ひと言,2880,3091,66
狙う,狙わ,770,3092,66
メニュー,メニュー,2881,3093,66
意志,意志,2883,3094,66
強力,強力,2885,3095,66
達成,達成,2886,3096,66
加島,加島,2887,3097,66
甘い,甘,709,3098,66
輪,輪,2888,3099,66
くだす,くださ,2889,3100,66
放課後,放課後,2890,3101,66
殺す,殺せ,192,3102,66
追加,追加,2891,3103,66
レオ,レオ,2892,3104,66
投,投,2895,3105,66
真秀,真秀,2896,3106,66
急ぐ,急げ,649,3107,65
尽くす,尽くし,1661,3108,65
落ち着く,落ち着け,605,3109,65
策,策,2898,3110,65
ぬる,ぬっ,2013,3111,65
ミス,ミス,2900,3112,65
げっ,げっ,2901,3113,65
済み,済み,2902,3114,65
かす,かし,2602,3115,65
ふり,ふり,2903,3116,65
甘い,甘く,709,3117,65
その間,その間,2905,3118,65
自覚,自覚,2906,3119,65
ちと,ちと,2907,3120,65
通る,通っ,1576,3121,65
故郷,故郷,2908,3122,65
飲む,飲ま,387,3123,65
仕業,仕業,2911,3124,65
誘拐,誘拐,2912,3125,65
尊敬,尊敬,2914,3126,65
欲しい,欲しかっ,582,3127,65
訳,訳,2917,3128,65
着替え,着替え,2918,3129,65
パ,パ,2919,3130,65
ドレス,ドレス,2920,3131,65
罪人,罪人,2921,3132,65
役に立つ,役に立つ,1589,3133,65
お返し,お返し,2922,3134,65
ピッ,ピッ,2923,3135,65
つき,つき,2924,3136,65
ルーシー,ルーシー,2925,3137,65
アーサー,アーサー,2926,3138,65
認識,認識,2927,3139,64
かなえる,かなえ,2208,3140,64
停止,停止,2928,3141,64
ぬ,ざる,93,3142,64
対抗,対抗,2931,3143,64
順調,順調,2934,3144,64
つける,つけろ,265,3145,64
うれしい,うれし,393,3146,64
種類,種類,2938,3147,64
鴨,鴨,2939,3148,64
伝わる,伝わっ,1535,3149,64
断る,断る,1347,3150,64
散歩,散歩,2940,3151,64
亡くなる,亡くなっ,2356,3152,64
スーパー,スーパー,2941,3153,64
分ける,分け,2563,3154,64
恥ずかしい,恥ずかしく,697,3155,64
優しい,優し,503,3156,64
しよう,しよう,2942,3157,64
グッ,グッ,2943,3158,64
体質,体質,2944,3159,64
年生,年生,2945,3160,64
ホワイト,ホワイト,2947,3161,64
始め,始め,2948,3162,64
選択,選択,2949,3163,64
主役,主役,2950,3164,64
亜,亜,2951,3165,64
四天王,四天王,2952,3166,64
爆裂,爆裂,2953,3167,64
二ノ,二ノ,2954,3168,64
志士,志士,2955,3169,64
遭う,遭っ,1569,3170,63
まっすぐ,まっすぐ,2956,3171,63
義務,義務,2957,3172,63
もむ,もん,2292,3173,63
能,能,2959,3174,63
感動,感動,2960,3175,63
つきあい,つきあい,2961,3176,63
取り戻す,取り戻し,1629,3177,63
立ち,立ち,2962,3178,63
とっとと,とっとと,2963,3179,63
そむ,そん,2964,3180,63
抜き,抜き,2965,3181,63
結婚式,結婚式,2966,3182,63
とく,とき,358,3183,63
暑い,暑い,1877,3184,63
我が国,我が国,2968,3185,63
暗い,暗い,1750,3186,63
立てる,立てる,1204,3187,63
世界中,世界中,2969,3188,63
そっくり,そっくり,2970,3189,63
はるか,はるか,2971,3190,63
戦場,戦場,2972,3191,63
お腹,お腹,2974,3192,63
る,れ,871,3193,63
六,六,2975,3194,63
何もかも,何もかも,2976,3195,63
面白い,面白い,2101,3196,63
ベル,ベル,2978,3197,63
届ける,届け,2459,3198,63
眉,眉,2979,3199,63
根源,根源,2980,3200,63
弱点,弱点,2981,3201,63
立花,立花,2982,3202,63
仙薬,仙薬,2983,3203,63
宗,宗,2984,3204,63
誠,誠,2985,3205,63
サラ,サラ,2986,3206,63
のんびり,のんびり,2987,3207,62
はん,はん,2988,3208,62
現状,現状,2990,3209,62
戻れる,戻れ,2176,3210,62
捨てる,捨てる,766,3211,62
複雑,複雑,2991,3212,62
づらい,づらい,2231,3213,62
保証,保証,2993,3214,62
番号,番号,2994,3215,62
正確,正確,2995,3216,62
体調,体調,2996,3217,62
米,米,2997,3218,62
収穫,収穫,2998,3219,62
なお,なお,3000,3220,62
だの,だの,3001,3221,62
背,背,3002,3222,62
要,要,3003,3223,62
なので,なので,3004,3224,62
料,料,3005,3225,62
同行,同行,3007,3226,62
令嬢,令嬢,3008,3227,62
ありえる,ありえ,2531,3228,62
操る,操る,1812,3229,62
低い,低い,2022,3230,62
案外,案外,3009,3231,62
表情,表情,3010,3232,62
丁寧,丁寧,3012,3233,62
いれる,いれ,2568,3234,62
あったかい,あったかい,2759,3235,62
暮らす,暮らす,1057,3236,62
来年,来年,3014,3237,62
ほしい,ほしかっ,286,3238,62
多い,多,481,3239,62
撮る,撮り,795,3240,62
人質,人質,3015,3241,62
土地,土地,3016,3242,62
ネタ,ネタ,3017,3243,62
偉い,偉,1429,3244,62
特訓,特訓,3018,3245,62
基礎,基礎,3019,3246,62
幽霊,幽霊,3020,3247,62
果たして,果たして,3021,3248,62
もらう,もらえ,136,3249,62
ベール,ベール,3022,3250,62
沖野,沖野,3023,3251,61
正式,正式,3024,3252,61
接触,接触,3025,3253,61
せる,せよ,82,3254,61
タイム,タイム,3027,3255,61
排除,排除,3028,3256,61
開く,開く,836,3257,61
段階,段階,3029,3258,61
させる,させる,698,3259,61
コード,コード,3030,3260,61
ヒール,ヒール,3032,3261,61
食料,食料,3033,3262,61
札,札,3034,3263,61
坊,坊,3035,3264,61
角,角,3036,3265,61
ものの,ものの,3037,3266,61
縁,縁,3038,3267,61
新入生,新入生,3039,3268,61
白い,白い,2566,3269,61
番組,番組,3041,3270,61
救う,救わ,877,3271,61
アイス,アイス,3042,3272,61
無用,無用,3043,3273,61
時点,時点,3044,3274,61
悔しい,悔しい,2156,3275,61
体育,体育,3045,3276,61
してやる,してやる,1367,3277,61
一条,一条,3047,3278,61
小石川,小石川,3049,3279,61
獲物,獲物,3052,3280,61
殴る,殴っ,1356,3281,61
癖,癖,3053,3282,61
公演,公演,3054,3283,61
次期,次期,3055,3284,61
女王,女王,3056,3285,61
放つ,放つ,930,3286,61
壊す,壊す,941,3287,61
明治,明治,3057,3288,61
立,立,3058,3289,61
みはる,みはり,3059,3290,61
気合い,気合い,3060,3291,60
企業,企業,3061,3292,60
毛,毛,3062,3293,60
あえて,あえて,3063,3294,60
費,費,3064,3295,60
意図,意図,3065,3296,60
てる,てれ,22,3297,60
えな,えな,3066,3298,60
くださる,くださる,109,3299,60
期間,期間,3067,3300,60
こい,こい,1449,3301,60
ドア,ドア,3070,3302,60
撃つ,撃っ,1141,3303,60
確かめる,確かめ,2033,3304,60
届く,届い,973,3305,60
成果,成果,3074,3306,60
盾,盾,3075,3307,60
フラ,フラ,3076,3308,60
いる,いよ,18,3309,60
深い,深く,1095,3310,60
備える,備え,2724,3311,60
育つ,育っ,2094,3312,60
目撃,目撃,3079,3313,60
夕飯,夕飯,3080,3314,60
確信,確信,3082,3315,60
遅刻,遅刻,3083,3316,60
日常,日常,3084,3317,60
出かける,出かけ,2002,3318,60
追う,追う,1100,3319,60
目立つ,目立つ,1555,3320,60
電車,電車,3086,3321,60
混乱,混乱,3087,3322,60
見つける,見つける,424,3323,60
幼い,幼い,2534,3324,60
あむ,あん,1816,3325,60
間に合う,間に合っ,1281,3326,60
間に合う,間に合わ,1281,3327,60
材料,材料,3089,3328,60
せいぜい,せいぜい,3090,3329,60
月島,月島,3091,3330,60
演劇,演劇,3092,3331,60
騎,騎,3093,3332,60
戦える,戦える,1963,3333,59
効く,効い,1084,3334,59
看板,看板,3095,3335,59
処分,処分,3096,3336,59
頑張る,頑張ら,217,3337,59
爪,爪,3098,3338,59
籠,籠,3099,3339,59
決まり,決まり,3101,3340,59
到着,到着,3103,3341,59
通じる,通じ,2430,3342,59
装備,装備,3105,3343,59
しだい,しだい,3107,3344,59
膜,膜,3108,3345,59
組む,組ん,1691,3346,59
注目,注目,3109,3347,59
しまう,しまえ,158,3348,59
喜び,喜び,3110,3349,59
において,において,3111,3350,59
捜索,捜索,3112,3351,59
本番,本番,3113,3352,59
読む,読み,643,3353,59
昼間,昼間,3114,3354,59
地図,地図,3115,3355,59
気に入る,気に入ら,1158,3356,59
類,類,3116,3357,59
じい,じい,3117,3358,59
おける,おけ,2909,3359,59
古代,古代,3118,3360,59
喉,喉,3119,3361,59
参考,参考,3120,3362,59
おもしろい,おもしろく,581,3363,59
ドーム,ドーム,3122,3364,59
スター,スター,3123,3365,59
サービス,サービス,3124,3366,59
香,香,3125,3367,59
愛情,愛情,3126,3368,59
侍,侍,3129,3369,59
一時,一時,3130,3370,59
あふれる,あふれ,2734,3371,59
集合,集合,3131,3372,59
あい,あい,3132,3373,59
上げる,上げる,936,3374,59
紅葉山,紅葉山,3134,3375,59
坊ちゃん,坊ちゃん,3135,3376,59
恩,恩,3136,3377,59
降参,降参,3137,3378,59
遊ぶ,遊ぼ,572,3379,59
普段,普段,3138,3380,59
巻,巻,3139,3381,59
童子,童子,3140,3382,59
王族,王族,3141,3383,59
ステータス,ステータス,3142,3384,59
衣装,衣装,3143,3385,59
合宿,合宿,3144,3386,59
こっそり,こっそり,3145,3387,58
まくる,まくっ,2261,3388,58
勘,勘,3148,3389,58
通信,通信,3149,3390,58
賛成,賛成,3151,3391,58
プログラム,プログラム,3152,3392,58
政治,政治,3153,3393,58
通す,通し,1833,3394,58
葉,葉,3155,3395,58
歌う,歌っ,1732,3396,58
重ねる,重ね,2799,3397,58
走る,走る,823,3398,58
根,根,3156,3399,58
人目,人目,3158,3400,58
パートナー,パートナー,3159,3401,58
潜入,潜入,3160,3402,58
視線,視線,3161,3403,58
ちゃう,ちゃお,107,3404,58
奥様,奥様,3162,3405,58
食,食,3164,3406,58
事務所,事務所,3165,3407,58
整理,整理,3166,3408,58
孫,孫,3167,3409,58
久々,久々,3168,3410,58
ちん,ちん,3169,3411,58
しも,しも,3170,3412,58
回戦,回戦,3171,3413,58
お呼び,お呼び,3172,3414,58
あらあら,あらあら,3173,3415,58
予感,予感,3174,3416,58
いじめる,いじめ,2678,3417,58
原田,原田,3175,3418,58
幼なじみ,幼なじみ,3177,3419,58
王位,王位,3178,3420,58
和也,和也,3179,3421,58
ゆり,ゆり,3180,3422,58
長瀞,長瀞,3181,3423,58
害,害,3182,3424,57
まして,まして,3183,3425,57
登場,登場,3184,3426,57
乾杯,乾杯,3185,3427,57
営業,営業,3186,3428,57
大げさ,大げさ,3187,3429,57
床,床,3188,3430,57
ばる,ばっ,3069,3431,57
苦しい,苦しい,2108,3432,57
心当たり,心当たり,3191,3433,57
書く,書く,612,3434,57
とる,とり,354,3435,57
にて,にて,3192,3436,57
筋肉,筋肉,3193,3437,57
からには,からには,3194,3438,57
暴れる,暴れ,2297,3439,57
届く,届く,973,3440,57
起きる,起きろ,465,3441,57
袋,袋,3196,3442,57
